iter,rot_x,rot_y,rot_z,rot_w,mean_x,mean_y,mean_z,mean_w,roll,pitch,yaw,mean_roll,mean_pitch,mean_yaw,a_x,a_y,a_z,a_mag,alpha_x,alpha_y,alpha_z,alpha_mag,success_rate
1,0.999459,-0.013497,0.029979,0.706918,0.999459,-0.013497,0.029979,0.706918,-1.570857,-0.029984,-0.013503,-1.570857,-0.029984,-0.013503,0.000000,0.000000,0.000000,0.000000,0.000000,0.000000,0.000000,0.000000,1.000000
2,0.990730,-0.053651,0.124805,0.703889,0.995095,-0.033574,0.077392,0.705404,-1.571871,-0.125131,-0.054100,-1.571364,-0.077558,-0.033802,0.000000,0.000000,0.000000,0.000000,0.000000,0.000000,0.000000,0.000000,1.000000
3,0.970184,-0.093894,0.223443,0.696720,0.986791,-0.053680,0.126076,0.702509,-1.574342,-0.225345,-0.096479,-1.572357,-0.126820,-0.054694,0.000935,-0.001691,-0.000711,0.002059,-0.005739,-0.004687,-0.002129,0.007709,1.000000
4,0.938569,-0.130349,0.319526,0.685550,0.974736,-0.072847,0.174438,0.698269,-1.578381,-0.325230,-0.137997,-1.573863,-0.176422,-0.075520,-0.000301,-0.001641,-0.000692,0.001806,-0.005582,0.000994,0.000188,0.005673,1.000000
5,0.896470,-0.161693,0.412549,0.670401,0.959083,-0.090616,0.222060,0.692696,-1.584252,-0.425250,-0.178447,-1.575941,-0.226188,-0.096105,-0.000309,-0.001647,-0.000697,0.001815,-0.005609,0.000847,0.000019,0.005673,1.000000
6,0.844948,-0.186456,0.501295,0.651401,0.940060,-0.106590,0.268600,0.685813,-1.592330,-0.525095,-0.217191,-1.578672,-0.276006,-0.116286,-0.000469,-0.001616,-0.000687,0.001817,-0.005513,0.001421,0.000159,0.005696,0.500000
7,0.785176,-0.203454,0.584897,0.628669,0.917934,-0.120427,0.313785,0.677650,-1.603201,-0.624753,-0.253542,-1.582176,-0.325827,-0.135894,-0.000567,-0.001593,-0.000681,0.001823,-0.005449,0.001700,0.000172,0.005710,0.500000
8,0.718708,-0.211681,0.662307,0.602426,0.893031,-0.131834,0.357350,0.668247,-1.617712,-0.723894,-0.286430,-1.586618,-0.375585,-0.154711,-0.000721,-0.001531,-0.000660,0.001817,-0.005254,0.002262,0.000312,0.005729,0.500000
9,0.646939,-0.210433,0.732931,0.572801,0.865687,-0.140567,0.399081,0.657642,-1.637251,-0.822621,-0.314480,-1.592244,-0.425256,-0.172463,-0.000782,-0.001512,-0.000658,0.001825,-0.005209,0.002363,0.000245,0.005725,0.500000
10,0.571313,-0.199171,0.796199,0.539910,0.836250,-0.146428,0.438793,0.645869,-1.664098,-0.920986,-0.335444,-1.599429,-0.474829,-0.188761,-0.000847,-0.001503,-0.000662,0.001848,-0.005201,0.002467,0.000173,0.005760,0.500000
11,0.493736,-0.177660,0.851270,0.504058,0.805112,-0.149267,0.476291,0.632977,-1.701963,-1.018402,-0.345402,-1.608751,-0.524245,-0.203002,-0.001001,-0.001417,-0.000635,0.001847,-0.004935,0.003033,0.000316,0.005801,0.666667
12,0.416061,-0.146007,0.897538,-0.465554,0.772691,-0.148995,0.511395,0.541432,-1.757549,-1.114155,-0.337501,-1.621151,-0.573404,-0.214210,-0.001126,-0.001327,-0.000607,0.001843,0.052717,0.084664,0.041190,0.107906,0.666667
13,0.339633,-0.104368,0.934750,-0.424481,0.739379,-0.145562,0.543961,0.467131,-1.844609,-1.207554,-0.298138,-1.638340,-0.622185,-0.220666,-0.001158,-0.001341,-0.000625,0.001879,-0.062127,-0.077802,-0.040544,0.107502,0.666667
14,0.266425,-0.053489,0.962370,-0.381294,0.705597,-0.138986,0.573847,0.406530,-1.992044,-1.295594,-0.198131,-1.663604,-0.670285,-0.219056,-0.001318,-0.001190,-0.000574,0.001866,-0.004272,0.004036,0.000438,0.005893,0.666667
15,0.197693,0.005998,0.980246,-0.336126,0.671736,-0.129320,0.600940,0.357019,-2.267771,-1.371699,0.030330,-1.703882,-0.717046,-0.202430,-0.001368,-0.001182,-0.000587,0.001900,-0.004293,0.004046,0.000305,0.005908,0.666667
16,0.134568,0.073417,0.988181,-0.289050,0.638163,-0.116649,0.625143,0.316640,-2.784133,-1.416897,0.499438,-1.771398,-0.760787,-0.158564,-0.001425,-0.001206,-0.000617,0.001967,-0.004438,0.004043,0.000133,0.006005,0.750000
17,0.079159,0.146511,0.986037,-0.241075,0.605281,-0.101169,0.646372,0.283833,2.876577,-1.403489,1.075436,-1.497987,-0.798593,-0.085976,-0.001650,-0.000791,-0.000454,0.001885,-0.003065,0.005257,0.000721,0.006128,0.750000
18,0.031893,0.224408,0.973973,-0.192136,0.573426,-0.083081,0.664572,0.257390,2.476371,-1.342146,1.429621,-1.277190,-0.828790,-0.001776,-0.001647,-0.000868,-0.000512,0.001931,-0.003402,0.004938,0.000393,0.006009,0.750000
19,-0.006475,0.305560,0.952151,-0.142573,0.542905,-0.062627,0.679708,0.236340,2.268536,-1.260198,1.591982,-1.090573,-0.851496,0.082106,-0.001727,-0.000755,-0.000487,0.001946,-0.003088,0.005184,0.000404,0.006048,0.750000
20,-0.035464,0.388379,0.920817,-0.092696,0.513986,-0.040076,0.691763,0.219888,2.153806,-1.170170,1.661857,-0.928354,-0.867430,0.161094,-0.001797,-0.000653,-0.000470,0.001969,-0.002822,0.005377,0.000381,0.006085,0.750000
21,-0.054856,0.471308,0.880261,-0.042774,0.486899,-0.015725,0.700739,0.207380,2.084802,-1.076412,1.686666,-0.784870,-0.877381,0.233740,-0.001864,-0.000563,-0.000461,0.002002,-0.002608,0.005538,0.000329,0.006130,0.800000
22,-0.064623,0.552412,0.831062,0.006700,0.461829,0.010100,0.706663,0.198258,2.040931,-0.981015,1.687250,-0.656425,-0.882092,0.299809,-0.001927,-0.000362,-0.000403,0.002001,-0.002007,0.005835,0.000425,0.006185,0.800000
23,-0.065096,0.630325,0.773597,0.055555,0.438920,0.037066,0.709573,0.192054,2.012082,-0.884498,1.673705,-0.540403,-0.882196,0.359543,-0.001981,-0.000305,-0.000415,0.002047,-0.001926,0.005897,0.000299,0.006211,0.800000
24,-0.056831,0.703201,0.708716,0.103274,0.418263,0.064822,0.709538,0.188355,1.993153,-0.787677,1.651438,-0.434838,-0.878258,0.413372,-0.002010,-0.000064,-0.000340,0.002040,-0.001189,0.006138,0.000421,0.006266,0.800000
25,-0.040628,0.769785,0.637009,0.149638,0.399908,0.093020,0.706636,0.186806,1.981145,-0.690612,1.623525,-0.338198,-0.870752,0.461778,-0.002049,0.000020,-0.000345,0.002078,-0.001030,0.006185,0.000309,0.006277,0.800000
26,-0.017442,0.828918,0.559099,0.194413,0.383856,0.121324,0.700962,0.187099,1.974314,-0.593298,1.591835,-0.249256,-0.860081,0.505242,-0.002089,0.000131,-0.000340,0.002120,-0.000786,0.006269,0.000227,0.006322,0.666667
27,0.011461,0.879328,0.476078,0.237143,0.370063,0.149398,0.692633,0.188952,1.971619,-0.496190,1.557764,-0.167001,-0.846604,0.544224,-0.002070,0.000375,-0.000266,0.002120,-0.000047,0.006365,0.000318,0.006373,0.833333
28,0.044812,0.920312,0.388609,0.277653,0.358447,0.176931,0.681775,0.192120,1.972398,-0.399122,1.522142,-0.090594,-0.830622,0.579150,-0.002100,0.000463,-0.000278,0.002168,0.000097,0.006389,0.000184,0.006393,0.833333
29,0.081084,0.951173,0.297818,0.315575,0.348883,0.203629,0.668535,0.196377,1.976262,-0.302406,1.485756,-0.019323,-0.812408,0.610412,-0.002055,0.000686,-0.000215,0.002177,0.000754,0.006386,0.000231,0.006435,0.833333
30,0.118853,0.971646,0.204396,0.350757,0.341215,0.229229,0.653064,0.201523,1.983029,-0.205847,1.449080,0.047422,-0.792189,0.638368,-0.002083,0.000772,-0.000234,0.002233,0.000870,0.006403,0.000076,0.006462,0.833333
31,0.156431,0.981583,0.109656,0.382831,0.335255,0.253499,0.635534,0.207372,1.992625,-0.109877,1.412759,0.110171,-0.770179,0.663348,-0.001976,0.001029,-0.000148,0.002233,0.001671,0.006283,0.000167,0.006504,0.833333
32,0.192565,0.981187,0.013823,0.411812,0.330796,0.276239,0.616106,0.213760,2.005221,-0.013824,1.377003,0.169391,-0.746543,0.685650,-0.002098,0.001015,-0.000245,0.002343,0.001336,0.006426,-0.000168,0.006566,0.857143
33,0.225313,0.970922,-0.080903,0.437136,0.327599,0.297290,0.594984,0.220529,2.020849,0.080992,1.342771,0.225496,-0.721466,0.705563,-0.001757,0.001452,-0.000023,0.002280,0.002932,0.005935,0.000222,0.006624,0.857143
34,0.253599,0.951461,-0.174384,0.458870,0.325423,0.316530,0.572356,0.227539,2.039950,0.175280,1.310316,0.278862,-0.695091,0.723350,-0.001875,0.001424,-0.000131,0.002359,0.002533,0.006063,-0.000144,0.006572,0.857143
35,0.276091,0.923754,-0.265429,0.476795,0.324013,0.333880,0.548419,0.234661,2.062948,0.268649,1.280368,0.329836,-0.667556,0.739264,-0.001727,0.001632,-0.000066,0.002377,0.003163,0.005802,-0.000118,0.006609,0.857143
36,0.291722,0.888931,-0.353128,0.490786,0.323116,0.349298,0.523376,0.241776,2.090483,0.360912,1.253699,0.378743,-0.638987,0.753554,-0.001623,0.001781,-0.000041,0.002410,0.003546,0.005595,-0.000185,0.006627,0.857143
37,0.299621,0.848304,-0.436587,0.500738,0.322481,0.362784,0.497431,0.248775,2.123406,0.451801,1.231274,0.425896,-0.609506,0.766466,-0.001503,0.001926,-0.000014,0.002443,0.003927,0.005354,-0.000249,0.006644,0.875000
38,0.299160,0.803410,-0.514817,0.506566,0.321867,0.374380,0.470793,0.255559,2.162766,0.540794,1.214340,0.471603,-0.579235,0.778252,-0.001304,0.002083,0.000044,0.002458,0.004431,0.004950,-0.000244,0.006648,0.875000
39,0.289942,0.755579,-0.587396,0.508243,0.321049,0.384154,0.443660,0.262038,2.210250,0.627837,1.204390,0.516184,-0.548285,0.789178,-0.001300,0.002162,-0.000000,0.002523,0.004451,0.004938,-0.000474,0.006665,0.875000
40,0.271881,0.706625,-0.653270,0.505737,0.319820,0.392216,0.416237,0.268130,2.267617,0.711896,1.203497,0.559969,-0.516780,0.799536,-0.000989,0.002322,0.000097,0.002526,0.005087,0.004296,-0.000375,0.006670,0.875000
41,0.245107,0.658044,-0.711969,0.499061,0.317997,0.398700,0.388720,0.273763,2.337534,0.792299,1.214239,0.603325,-0.484851,0.809651,-0.000892,0.002404,0.000087,0.002566,0.005224,0.004094,-0.000528,0.006659,0.875000
42,0.209847,0.611194,-0.763155,0.488191,0.315422,0.403759,0.361294,0.278868,2.423708,0.868182,1.240067,0.646667,-0.452636,0.819899,-0.000865,0.002494,0.000046,0.002640,0.005279,0.004075,-0.000764,0.006712,0.888889
43,0.167046,0.567953,-0.805931,0.473274,0.311972,0.407577,0.334149,0.283389,2.529395,0.937246,1.284743,0.690451,-0.420314,0.830709,-0.000384,0.002589,0.000194,0.002625,0.005944,0.003024,-0.000530,0.006690,0.888889
44,0.117472,0.529498,-0.840138,0.454359,0.307551,0.410348,0.307461,0.287275,2.659051,0.997538,1.352477,0.735192,-0.388090,0.842568,-0.000321,0.002640,0.000157,0.002664,0.005937,0.002915,-0.000748,0.006656,0.888889
45,0.062229,0.497038,-0.865495,0.431556,0.302100,0.412275,0.281395,0.290481,2.815668,1.046137,1.446244,0.781425,-0.356218,0.855983,-0.000128,0.002689,0.000173,0.002698,0.006097,0.002520,-0.000837,0.006650,0.888889
46,0.002358,0.471506,-0.881860,0.404885,0.295584,0.413562,0.256107,0.292968,2.999290,1.079792,1.565796,0.829640,-0.325000,0.871413,-0.000054,0.002760,0.000138,0.002764,0.006144,0.002435,-0.001070,0.006695,0.888889
47,-0.060367,0.453883,-0.889014,0.374642,0.288010,0.414420,0.231743,0.294706,-3.081697,1.095188,1.703021,0.746420,-0.294784,0.889107,0.000364,0.002735,0.000239,0.002769,0.006424,0.001488,-0.000922,0.006658,0.900000
48,-0.124317,0.444700,-0.887010,0.341051,0.279420,0.415051,0.208435,0.295671,-2.875452,1.090829,1.843391,0.670964,-0.265917,0.908988,0.000604,0.002708,0.000265,0.002787,0.006467,0.000968,-0.000965,0.006610,0.900000
49,-0.188113,0.444222,-0.875946,0.304183,0.269879,0.415646,0.186305,0.295845,-2.680369,1.067393,1.971367,0.602569,-0.238706,0.930669,0.000679,0.002742,0.000224,0.002834,0.006434,0.000897,-0.001214,0.006608,0.900000
50,-0.249876,0.452493,-0.856045,0.264378,0.259483,0.416383,0.165458,0.295216,-2.508195,1.027568,2.075344,0.540354,-0.213381,0.953563,0.001012,0.002648,0.000285,0.002849,0.006458,0.000135,-0.001145,0.006560,0.900000
51,-0.308141,0.469311,-0.827524,0.221754,0.248354,0.417421,0.145988,0.293775,-2.362160,0.974683,2.151784,0.483442,-0.190085,0.977057,0.001123,0.002652,0.000256,0.002892,0.006413,-0.000010,-0.001362,0.006556,0.900000
52,-0.361181,0.494167,-0.790789,0.176645,0.236632,0.418897,0.127973,0.291523,-2.241020,0.912098,2.201954,0.431049,-0.168890,1.000613,0.001401,0.002539,0.000295,0.002915,0.006342,-0.000630,-0.001349,0.006515,0.818182
53,-0.407493,0.526302,-0.746295,0.129326,0.224478,0.420924,0.111477,0.288463,-2.140860,0.842478,2.229643,0.382522,-0.149807,1.023802,0.001610,0.002441,0.000307,0.002940,0.006226,-0.001063,-0.001415,0.006473,0.909091
54,-0.445651,0.564646,-0.694673,0.080179,0.212069,0.423585,0.096549,0.284605,-2.057569,0.767965,2.238953,0.337335,-0.132811,1.046305,0.001857,0.002273,0.000338,0.002954,0.006032,-0.001635,-0.001393,0.006403,0.909091
55,-0.464177,0.590170,-0.660484,0.049894,0.199773,0.426614,0.082784,0.280338,-2.014011,0.721464,2.237260,0.294583,-0.117279,1.067959,0.011993,-0.010752,0.005100,0.016895,-0.006416,-0.037407,0.019545,0.042690,0.909091
56,-0.464977,0.591433,-0.658790,0.048431,0.187903,0.429557,0.069542,0.276197,-2.012030,0.719209,2.237058,0.253394,-0.102342,1.088836,0.014903,-0.017865,0.006919,0.024272,-0.015847,-0.051372,0.029708,0.061423,0.909091
57,-0.464977,0.591433,-0.658790,0.048431,0.176449,0.432397,0.056764,0.272201,-2.012030,0.719209,2.237058,0.213650,-0.087929,1.108980,0.000730,-0.000919,0.000345,0.001223,-0.000852,-0.002564,0.001509,0.003095,0.909091
58,-0.454354,0.594732,-0.663216,0.050792,0.165573,0.435196,0.044351,0.268383,-2.027628,0.725108,2.223175,0.175007,-0.073911,1.128190,0.000443,0.001409,0.000384,0.001526,0.002508,-0.012865,-0.003572,0.013585,0.916667
59,-0.408997,0.608178,-0.680324,0.060812,0.155834,0.438128,0.032068,0.264865,-2.095382,0.748205,2.162823,0.136526,-0.059977,1.145726,0.001531,0.004500,0.001430,0.004964,0.007980,-0.041367,-0.011245,0.043605,0.916667
60,-0.356128,0.622610,-0.696799,0.072404,0.147302,0.441202,0.019920,0.261658,-2.176671,0.770925,2.090367,0.097972,-0.046128,1.161470,0.000476,0.000786,0.000653,0.001127,0.001323,-0.007817,-0.001639,0.008096,0.916667
61,-0.302020,0.636096,-0.710046,0.084232,0.139936,0.444397,0.007954,0.258749,-2.262292,0.789563,2.014084,0.059280,-0.032428,1.175448,0.000198,-0.000023,0.000446,0.000488,-0.000143,-0.000506,0.000429,0.000679,0.916667
62,-0.247707,0.648409,-0.719866,0.096128,0.133683,0.447688,-0.003785,0.256126,-2.350418,0.803609,1.935710,0.020413,-0.018944,1.187710,0.000131,-0.000124,0.000406,0.000445,-0.000350,0.000397,0.000687,0.000867,0.916667
63,-0.192866,0.659665,-0.726392,0.108220,0.128500,0.451053,-0.015255,0.253778,-2.441199,0.813057,1.855239,-0.018660,-0.005738,1.198306,0.000129,-0.000058,0.000440,0.000463,-0.000266,-0.000270,0.000543,0.000662,0.923077
64,-0.137989,0.669798,-0.729610,0.120457,0.124336,0.454471,-0.026417,0.251695,-2.533337,0.817751,1.773970,-0.057952,0.007129,1.207300,0.000087,-0.000090,0.000424,0.000442,-0.000357,0.000007,0.000631,0.000725,0.923077
65,-0.083090,0.678845,-0.729565,0.132892,0.121145,0.457922,-0.037235,0.249867,-2.626236,0.817686,1.692590,-0.097464,0.019600,1.214766,0.000069,-0.000065,0.000440,0.000450,-0.000355,-0.000254,0.000591,0.000735,0.923077
66,-0.028633,0.686775,-0.726306,0.145475,0.118876,0.461390,-0.047675,0.248286,-2.718536,0.812932,1.612463,-0.137177,0.031620,1.220792,0.000027,-0.000091,0.000418,0.000429,-0.000441,0.000002,0.000663,0.000796,0.923077
67,0.025372,0.693633,-0.719881,0.158261,0.117480,0.464856,-0.057708,0.246942,-2.809690,0.803631,1.534234,-0.177065,0.043142,1.225470,0.000009,-0.000065,0.000434,0.000439,-0.000445,-0.000257,0.000622,0.000807,0.923077
68,0.078577,0.699425,-0.710374,0.171220,0.116908,0.468306,-0.067306,0.245829,-2.898708,0.790029,1.458920,-0.217089,0.054126,1.228903,-0.000028,-0.000077,0.000417,0.000425,-0.000513,-0.000118,0.000662,0.000846,0.928571
69,0.130658,0.704172,-0.697904,0.184327,0.117107,0.471724,-0.076445,0.244937,-2.984800,0.772467,1.387335,-0.257201,0.064537,1.231199,-0.000063,-0.000086,0.000395,0.000409,-0.000576,0.000012,0.000690,0.000899,0.928571
70,0.181614,0.707934,-0.682529,0.197633,0.118029,0.475099,-0.085103,0.244261,-3.067886,0.751217,1.319672,-0.297354,0.074346,1.232463,-0.000080,-0.000057,0.000411,0.000422,-0.000588,-0.000241,0.000649,0.000909,0.928571
71,0.231135,0.710748,-0.664390,0.211110,0.119622,0.478418,-0.093262,0.243795,3.135641,0.726677,1.256384,-0.249002,0.083534,1.232800,-0.000115,-0.000064,0.000385,0.000407,-0.000653,-0.000103,0.000674,0.000944,0.928571
72,0.278843,0.712662,-0.643707,0.224700,0.121833,0.481671,-0.100908,0.243529,3.059790,0.699333,1.197839,-0.203046,0.092087,1.232315,-0.000153,-0.000081,0.000341,0.000383,-0.000724,0.000156,0.000706,0.001023,0.928571
73,0.325030,0.713754,-0.620411,0.238535,0.124617,0.484850,-0.108024,0.243461,2.986945,0.669267,1.143477,-0.159348,0.099994,1.231098,-0.000154,-0.000015,0.000400,0.000429,-0.000709,-0.000465,0.000614,0.001047,0.933333
74,0.369150,0.714078,-0.594828,0.252502,0.127921,0.487948,-0.114602,0.243583,2.917557,0.637052,1.093673,-0.117768,0.107251,1.229241,-0.000201,-0.000054,0.000322,0.000383,-0.000805,0.000057,0.000676,0.001053,0.933333
75,0.411145,0.713710,-0.567079,0.266622,0.131698,0.490958,-0.120635,0.243890,2.851254,0.602955,1.048160,-0.078181,0.113860,1.226826,-0.000220,-0.000032,0.000319,0.000389,-0.000838,-0.000065,0.000647,0.001061,0.933333
76,0.451110,0.712718,-0.537153,0.280976,0.135900,0.493876,-0.126116,0.244378,2.787392,0.567058,1.006505,-0.040476,0.119824,1.223927,-0.000233,0.000012,0.000350,0.000421,-0.000866,-0.000427,0.000598,0.001135,0.933333
77,0.488365,0.711200,-0.505662,0.295354,0.140478,0.496698,-0.131045,0.245040,2.726572,0.530149,0.969068,-0.004540,0.125152,1.220617,-0.000280,-0.000057,0.000203,0.000351,-0.000951,0.000486,0.000668,0.001259,0.933333
78,0.523217,0.709230,-0.472480,0.309897,0.145385,0.499423,-0.135422,0.245872,2.667829,0.492102,0.935198,0.029721,0.129857,1.216958,-0.000282,0.000013,0.000270,0.000390,-0.000960,-0.000158,0.000583,0.001135,0.937500
79,0.555479,0.706897,-0.437881,0.324560,0.150576,0.502049,-0.139251,0.246868,2.611018,0.453240,0.904774,0.062395,0.133950,1.213006,-0.000304,0.000012,0.000223,0.000377,-0.001006,0.000015,0.000575,0.001159,0.937500
80,0.585083,0.704289,-0.402063,0.339336,0.156007,0.504577,-0.142536,0.248024,2.555841,0.413769,0.877589,0.093564,0.137448,1.208814,-0.000320,0.000025,0.000196,0.000376,-0.001043,0.000030,0.000549,0.001179,0.937500
81,0.611932,0.701499,-0.365291,0.354188,0.161636,0.507008,-0.145286,0.249334,2.502102,0.373945,0.853486,0.123299,0.140368,1.204427,-0.000335,0.000029,0.000151,0.000369,-0.001074,0.000157,0.000527,0.001207,0.937500
82,0.636038,0.698612,-0.327714,0.369130,0.167421,0.509345,-0.147511,0.250795,2.449449,0.333883,0.832248,0.151666,0.142728,1.199888,-0.000346,0.000052,0.000138,0.000376,-0.001107,0.000072,0.000490,0.001213,0.937500
83,0.657463,0.695702,-0.289379,0.384212,0.173325,0.511590,-0.149220,0.252403,2.397417,0.293578,0.813650,0.178724,0.144545,1.195235,-0.000359,0.000090,0.000149,0.000399,-0.001157,-0.000169,0.000448,0.001252,0.882353
84,0.676031,0.692878,-0.250803,0.399300,0.179310,0.513749,-0.150430,0.254151,2.346189,0.253509,0.797705,0.204527,0.145842,1.190502,-0.000364,0.000056,0.000036,0.000370,-0.001151,0.000369,0.000434,0.001284,0.941176
85,0.691873,0.690206,-0.211961,0.414470,0.185340,0.515825,-0.151153,0.256038,2.295239,0.213582,0.784192,0.229123,0.146639,1.185722,-0.000373,0.000106,0.000065,0.000393,-0.001204,0.000008,0.000383,0.001264,0.941176
86,0.704961,0.687773,-0.173199,0.429652,0.191382,0.517824,-0.151410,0.258056,2.244544,0.174076,0.773058,0.252558,0.146958,1.180924,-0.000372,0.000098,-0.000005,0.000385,-0.001203,0.000261,0.000351,0.001281,0.941176
87,0.715368,0.685651,-0.134651,0.444857,0.197405,0.519753,-0.151217,0.260203,2.193831,0.135062,0.764190,0.274872,0.146822,1.176134,-0.000375,0.000121,-0.000022,0.000395,-0.001232,0.000181,0.000309,0.001283,0.941176
88,0.723169,0.683906,-0.096434,0.460101,0.203380,0.521618,-0.150595,0.262475,2.142811,0.096584,0.757502,0.296098,0.146251,1.171376,-0.000379,0.000149,-0.000032,0.000409,-0.001272,0.000063,0.000266,0.001301,0.941176
89,0.728414,0.682608,-0.058819,0.475336,0.209279,0.523427,-0.149563,0.264867,2.091427,0.058853,0.752946,0.316271,0.145269,1.166675,-0.000372,0.000147,-0.000089,0.000410,-0.001266,0.000227,0.000226,0.001306,0.888889
90,0.731191,0.681816,-0.022063,0.490515,0.215078,0.525187,-0.148147,0.267374,2.039624,0.022064,0.750470,0.335419,0.143900,1.162050,-0.000360,0.000147,-0.000142,0.000414,-0.001251,0.000365,0.000183,0.001316,0.888889
91,0.731608,0.681581,0.014024,0.505775,0.220754,0.526906,-0.146365,0.269994,1.986728,-0.014025,0.750013,0.353565,0.142164,1.157523,-0.000385,0.000228,-0.000076,0.000454,-0.001398,-0.000241,0.000136,0.001426,0.888889
92,0.729781,0.681950,0.048626,0.520821,0.226287,0.528591,-0.144245,0.272720,1.933564,-0.048645,0.751530,0.370739,0.140090,1.153110,-0.000313,0.000114,-0.000287,0.000440,-0.001145,0.000901,0.000095,0.001460,0.888889
93,0.725831,0.682960,0.082068,0.535843,0.231658,0.530251,-0.141812,0.275549,1.879297,-0.082160,0.754977,0.386960,0.137701,1.148829,-0.000348,0.000219,-0.000187,0.000451,-0.001343,0.000075,0.000047,0.001346,0.888889
94,0.719883,0.684646,0.114138,0.550796,0.236852,0.531893,-0.139089,0.278478,1.823900,-0.114387,0.760315,0.402247,0.135019,1.144696,-0.000329,0.000218,-0.000236,0.000460,-0.001326,0.000191,0.000002,0.001340,0.894737
95,0.712130,0.687017,0.144495,0.565565,0.241855,0.533526,-0.136104,0.281500,1.767649,-0.145002,0.767451,0.416620,0.132071,1.140725,-0.000283,0.000177,-0.000327,0.000467,-0.001202,0.000602,-0.000043,0.001344,0.894737
96,0.702702,0.690092,0.173155,0.580194,0.246656,0.535157,-0.132882,0.284611,1.710236,-0.174032,0.776344,0.430095,0.128883,1.136929,-0.000282,0.000215,-0.000318,0.000477,-0.001266,0.000357,-0.000088,0.001319,0.894737
97,0.691740,0.693884,0.200051,0.594689,0.251244,0.536793,-0.129450,0.287808,1.651501,-0.201409,0.786945,0.442687,0.125478,1.133321,-0.000270,0.000236,-0.000334,0.000490,-0.001296,0.000261,-0.000134,0.001329,0.894737
98,0.679429,0.698385,0.225020,0.608998,0.255613,0.538442,-0.125833,0.291085,1.591532,-0.226963,0.799155,0.454409,0.121881,1.129911,-0.000237,0.000224,-0.000381,0.000502,-0.001241,0.000398,-0.000178,0.001316,0.894737
99,0.665940,0.703584,0.247979,0.623104,0.259758,0.540110,-0.122057,0.294439,1.530304,-0.250594,0.812879,0.465277,0.118119,1.126709,-0.000214,0.000229,-0.000407,0.000514,-0.001231,0.000394,-0.000222,0.001311,0.900000
100,0.651453,0.709460,0.268843,0.636977,0.263675,0.541804,-0.118148,0.297864,1.467854,-0.272191,0.827996,0.475303,0.114216,1.123721,-0.000185,0.000226,-0.000437,0.000526,-0.001200,0.000431,-0.000264,0.001302,0.900000
101,0.636182,0.715968,0.287511,0.650566,0.267363,0.543528,-0.114132,0.301356,1.404360,-0.291627,0.844337,0.484501,0.110198,1.120955,-0.000143,0.000205,-0.000477,0.000538,-0.001116,0.000570,-0.000302,0.001289,0.900000
102,0.620237,0.723102,0.304021,0.663910,0.270823,0.545289,-0.110032,0.304911,1.339593,-0.308911,0.861823,0.492885,0.106089,1.118415,-0.000140,0.000244,-0.000471,0.000548,-0.001211,0.000312,-0.000348,0.001298,0.900000
103,0.603835,0.730803,0.318293,0.676953,0.274056,0.547090,-0.105874,0.308523,1.273786,-0.323928,0.880246,0.500466,0.101914,1.116102,-0.000095,0.000218,-0.000509,0.000562,-0.001121,0.000458,-0.000383,0.001270,0.900000
104,0.587188,0.739002,0.330281,0.689645,0.277067,0.548935,-0.101680,0.312187,1.207191,-0.336602,0.899375,0.507262,0.097697,1.114019,-0.000049,0.000191,-0.000539,0.000574,-0.001022,0.000590,-0.000414,0.001251,0.904762
105,0.570429,0.747661,0.340020,0.701996,0.279861,0.550828,-0.097473,0.315900,1.139750,-0.346938,0.919058,0.513285,0.093463,1.112162,-0.000033,0.000209,-0.000543,0.000583,-0.001067,0.000438,-0.000454,0.001240,0.904762
106,0.553712,0.756725,0.347520,0.713995,0.282444,0.552770,-0.093275,0.319655,1.071531,-0.354925,0.939097,0.518552,0.089233,1.110529,-0.000005,0.000210,-0.000557,0.000595,-0.001065,0.000387,-0.000491,0.001235,0.904762
107,0.537151,0.766157,0.352807,0.725651,0.284825,0.554765,-0.089106,0.323450,1.002462,-0.360569,0.959334,0.523074,0.085029,1.109116,0.000009,0.000232,-0.000564,0.000610,-0.001139,0.000215,-0.000537,0.001277,0.904762
108,0.521089,0.775776,0.355863,0.736815,0.287012,0.556811,-0.084986,0.327277,0.933453,-0.363837,0.979317,0.526874,0.080873,1.107914,0.000113,0.000105,-0.000611,0.000630,-0.000733,0.000828,-0.000520,0.001222,0.904762
109,0.505505,0.785605,0.356776,0.747583,0.289017,0.558910,-0.080933,0.331133,0.863917,-0.364815,0.999032,0.529966,0.076784,1.106915,0.000081,0.000203,-0.000590,0.000629,-0.001058,0.000225,-0.000593,0.001233,0.909091
110,0.490679,0.795476,0.355601,0.757841,0.290850,0.561061,-0.076965,0.335012,0.794594,-0.363557,1.018089,0.532372,0.072781,1.106108,0.000169,0.000095,-0.000615,0.000645,-0.000715,0.000696,-0.000572,0.001150,0.909091
111,0.476678,0.805345,0.352416,0.767610,0.292524,0.563261,-0.073096,0.338910,0.725336,-0.360152,1.036359,0.534110,0.068880,1.105479,0.000178,0.000122,-0.000610,0.000647,-0.000819,0.000457,-0.000613,0.001120,0.909091
112,0.463605,0.815142,0.347296,0.776884,0.294052,0.565510,-0.069343,0.342820,0.656134,-0.354686,1.053678,0.535200,0.065098,1.105017,0.000202,0.000124,-0.000613,0.000657,-0.000851,0.000343,-0.000645,0.001122,0.909091
113,0.451604,0.824757,0.340339,0.785623,0.295446,0.567805,-0.065717,0.346739,0.587228,-0.347277,1.069828,0.535660,0.061449,1.104706,0.000248,0.000082,-0.000616,0.000669,-0.000735,0.000442,-0.000648,0.001075,0.909091
114,0.440780,0.834098,0.331651,0.793800,0.296721,0.570140,-0.062232,0.350660,0.518717,-0.338054,1.084647,0.535512,0.057945,1.104530,0.000281,0.000060,-0.000614,0.000677,-0.000691,0.000431,-0.000659,0.001048,0.913043
115,0.431243,0.843061,0.321368,0.801383,0.297891,0.572514,-0.058896,0.354580,0.450787,-0.327174,1.097974,0.534775,0.054596,1.104473,0.000322,0.000016,-0.000605,0.000686,-0.000577,0.000511,-0.000652,0.001010,0.913043
116,0.423056,0.851568,0.309604,0.808361,0.298970,0.574919,-0.055719,0.358492,0.383392,-0.314776,1.109715,0.533470,0.051412,1.104518,0.000345,0.000008,-0.000599,0.000691,-0.000590,0.000418,-0.000669,0.000985,0.913043
117,0.416270,0.859555,0.296452,0.814729,0.299972,0.577352,-0.052709,0.362391,0.316382,-0.300976,1.119799,0.531614,0.048400,1.104648,0.000365,0.000011,-0.000596,0.000699,-0.000651,0.000272,-0.000698,0.000993,0.913043
118,0.410962,0.866915,0.282081,0.820448,0.300913,0.579806,-0.049872,0.366273,0.249938,-0.285963,1.128123,0.529227,0.045566,1.104847,0.000405,-0.000043,-0.000579,0.000708,-0.000510,0.000382,-0.000675,0.000929,0.913043
119,0.407179,0.873553,0.266665,0.825490,0.301806,0.582275,-0.047212,0.370132,0.184173,-0.269931,1.134620,0.526328,0.042915,1.105097,0.000437,-0.000091,-0.000556,0.000713,-0.000389,0.000460,-0.000649,0.000886,0.875000
120,0.404933,0.879435,0.250248,0.829865,0.302665,0.584751,-0.044733,0.373963,0.118639,-0.252936,1.139289,0.522930,0.040450,1.105382,0.000444,-0.000048,-0.000567,0.000722,-0.000621,0.000111,-0.000721,0.000959,0.916667
121,0.404260,0.884437,0.233122,0.833516,0.303505,0.587228,-0.042437,0.377761,0.053859,-0.235287,1.142069,0.519054,0.038171,1.105686,0.000491,-0.000170,-0.000510,0.000728,-0.000219,0.000525,-0.000607,0.000832,0.916667
122,0.405162,0.888540,0.215268,0.836459,0.304338,0.589697,-0.040325,0.381521,-0.010870,-0.216966,1.142975,0.514710,0.036079,1.105991,0.000491,-0.000091,-0.000540,0.000736,-0.000609,0.000001,-0.000727,0.000949,0.916667
123,0.407620,0.891637,0.197054,0.838641,0.305178,0.592152,-0.038395,0.385237,-0.074832,-0.198352,1.142005,0.509917,0.034173,1.106284,0.000531,-0.000246,-0.000451,0.000739,-0.000065,0.000569,-0.000552,0.000795,0.916667
124,0.411621,0.893703,0.178502,0.840067,0.306036,0.594584,-0.036646,0.388905,-0.138585,-0.179464,1.139180,0.504687,0.032451,1.106549,0.000536,-0.000194,-0.000468,0.000738,-0.000356,0.000168,-0.000638,0.000750,0.916667
125,0.417118,0.894688,0.159829,0.840716,0.306925,0.596985,-0.035074,0.392520,-0.201977,-0.160518,1.134539,0.499034,0.030907,1.106773,0.000553,-0.000258,-0.000418,0.000740,-0.000175,0.000314,-0.000568,0.000672,0.920000
126,0.424072,0.894559,0.141164,0.840577,0.307855,0.599347,-0.033675,0.396076,-0.265167,-0.141637,1.128118,0.492969,0.029537,1.106943,0.000564,-0.000272,-0.000398,0.000742,-0.000205,0.000221,-0.000565,0.000641,0.920000
127,0.432425,0.893288,0.122660,0.839634,0.308835,0.601661,-0.032444,0.399568,-0.328220,-0.122969,1.119963,0.486503,0.028337,1.107045,0.000573,-0.000299,-0.000367,0.000744,-0.000178,0.000196,-0.000541,0.000602,0.920000
128,0.442121,0.890853,0.104446,0.837874,0.309877,0.603920,-0.031375,0.402993,-0.391259,-0.104637,1.110121,0.479645,0.027298,1.107069,0.000582,-0.000319,-0.000341,0.000746,-0.000187,0.000134,-0.000527,0.000575,0.920000
129,0.453099,0.887239,0.086651,0.835280,0.310987,0.606117,-0.030460,0.406344,-0.454405,-0.086760,1.098638,0.472405,0.026414,1.107004,0.000591,-0.000337,-0.000316,0.000750,-0.000206,0.000065,-0.000516,0.000560,0.920000
130,0.465259,0.882446,0.069445,0.831843,0.312174,0.608242,-0.029691,0.409617,-0.517610,-0.069501,1.085597,0.464789,0.025676,1.106839,0.000591,-0.000379,-0.000267,0.000751,-0.000108,0.000126,-0.000455,0.000485,0.923077
131,0.478509,0.876484,0.052958,0.827552,0.313443,0.610290,-0.029060,0.412807,-0.580930,-0.052982,1.071074,0.456806,0.025075,1.106566,0.000591,-0.000402,-0.000232,0.000752,-0.000097,0.000096,-0.000425,0.000446,0.923077
132,0.492723,0.869385,0.037345,0.822410,0.314802,0.612253,-0.028557,0.415910,-0.644283,-0.037354,1.055185,0.448465,0.024602,1.106177,0.000580,-0.000441,-0.000176,0.000749,0.000014,0.000175,-0.000350,0.000392,0.923077
133,0.507846,0.861150,0.022667,0.816389,0.316253,0.614124,-0.028172,0.418921,-0.707937,-0.022669,1.037962,0.439770,0.024247,1.105664,0.000589,-0.000434,-0.000171,0.000752,-0.000137,-0.000023,-0.000383,0.000407,0.923077
134,0.523713,0.851847,0.009083,0.809505,0.317801,0.615898,-0.027894,0.421836,-0.771685,-0.009083,1.019568,0.430729,0.023998,1.105022,0.000565,-0.000480,-0.000099,0.000748,0.000039,0.000135,-0.000274,0.000308,0.923077
135,0.540266,0.841488,-0.003356,0.801728,0.319449,0.617569,-0.027712,0.424650,-0.835780,0.003356,1.000040,0.421348,0.023845,1.104244,0.000573,-0.000474,-0.000093,0.000750,-0.000113,-0.000056,-0.000304,0.000329,0.925926
136,0.557428,0.830097,-0.014580,0.793028,0.321199,0.619132,-0.027616,0.427359,-0.900371,0.014580,0.979440,0.411629,0.023777,1.103326,0.000577,-0.000482,-0.000073,0.000755,-0.000199,-0.000172,-0.000307,0.000404,0.925926
137,0.574943,0.817829,-0.024421,0.783472,0.323051,0.620582,-0.027592,0.429958,-0.964950,0.024423,0.958052,0.401581,0.023782,1.102266,0.000513,-0.000540,0.000039,0.000746,0.000151,0.000183,-0.000110,0.000261,0.925926
138,0.592755,0.804712,-0.032860,0.773024,0.325006,0.621917,-0.027631,0.432444,-1.029763,0.032866,0.935924,0.391209,0.023848,1.101060,0.000519,-0.000530,0.000043,0.000743,-0.000016,-0.000010,-0.000143,0.000144,0.925926
139,0.610698,0.790861,-0.039828,0.761714,0.327061,0.623132,-0.027718,0.434813,-1.094638,0.039838,0.913242,0.380520,0.023963,1.099709,0.000480,-0.000549,0.000104,0.000737,0.000089,0.000091,-0.000051,0.000137,0.925926
140,0.628734,0.776299,-0.045314,0.749489,0.329216,0.624226,-0.027844,0.437061,-1.159855,0.045329,0.890040,0.369517,0.024115,1.098212,0.000494,-0.000539,0.000101,0.000738,-0.000118,-0.000136,-0.000101,0.000207,0.928571
141,0.646661,0.761185,-0.049263,0.736408,0.331467,0.625197,-0.027996,0.439184,-1.225086,0.049283,0.866567,0.358208,0.024294,1.096569,0.000433,-0.000560,0.000181,0.000730,0.000080,0.000074,0.000036,0.000115,0.928571
142,0.664435,0.745557,-0.051675,0.722422,0.333812,0.626045,-0.028163,0.441178,-1.290571,0.051698,0.842868,0.346597,0.024487,1.094782,0.000443,-0.000550,0.000181,0.000730,-0.000109,-0.000126,-0.000004,0.000167,0.928571
143,0.681879,0.729575,-0.052537,0.707586,0.336246,0.626769,-0.028333,0.443041,-1.356039,0.052561,0.819177,0.334690,0.024683,1.092855,0.000383,-0.000560,0.000249,0.000723,0.000042,0.000043,0.000113,0.000128,0.928571
144,0.698942,0.713295,-0.051858,0.691858,0.338765,0.627370,-0.028497,0.444769,-1.421672,0.051881,0.795561,0.322493,0.024872,1.090790,0.000386,-0.000551,0.000257,0.000720,-0.000117,-0.000115,0.000089,0.000187,0.928571
145,0.715488,0.696858,-0.049658,0.675272,0.341363,0.627849,-0.028642,0.446359,-1.487320,0.049678,0.772208,0.310012,0.025043,1.088593,0.000339,-0.000550,0.000306,0.000715,-0.000049,-0.000026,0.000169,0.000178,0.896552
146,0.731433,0.680362,-0.045966,0.657823,0.344034,0.628209,-0.028761,0.447807,-1.553008,0.045982,0.749240,0.297251,0.025187,1.086269,0.000317,-0.000543,0.000332,0.000711,-0.000102,-0.000062,0.000194,0.000228,0.931034
147,0.746639,0.663975,-0.040842,0.639577,0.346773,0.628452,-0.028843,0.449112,-1.618509,0.040853,0.726864,0.284219,0.025293,1.083824,0.000252,-0.000532,0.000385,0.000704,0.000018,0.000089,0.000294,0.000308,0.931034
148,0.761085,0.647743,-0.034322,0.620470,0.349573,0.628582,-0.028880,0.450270,-1.684074,0.034329,0.705120,0.270920,0.025354,1.081265,0.000265,-0.000521,0.000384,0.000699,-0.000190,-0.000103,0.000252,0.000332,0.931034
149,0.774642,0.631845,-0.026500,0.600590,0.352426,0.628604,-0.028864,0.451278,-1.749436,0.026503,0.684217,0.257360,0.025362,1.078600,0.000188,-0.000502,0.000438,0.000692,-0.000030,0.000099,0.000367,0.000381,0.931034
150,0.787269,0.616363,-0.017443,0.579918,0.355324,0.628523,-0.028788,0.452136,-1.814706,0.017444,0.664234,0.243546,0.025309,1.075838,0.000177,-0.000486,0.000448,0.000685,-0.000146,0.000011,0.000363,0.000391,0.931034
151,0.798950,0.601355,-0.007204,0.558390,0.358262,0.628343,-0.028645,0.452840,-1.880121,0.007204,0.645215,0.229482,0.025189,1.072986,0.000184,-0.000475,0.000453,0.000682,-0.000328,-0.000139,0.000335,0.000489,0.933333
152,0.809571,0.587007,0.004071,0.536132,0.361232,0.628071,-0.028430,0.453388,-1.945352,-0.004071,0.627364,0.215174,0.024997,1.070054,0.000089,-0.000442,0.000504,0.000676,-0.000110,0.000132,0.000466,0.000497,0.933333
153,0.819111,0.573404,0.016284,0.513134,0.364224,0.627714,-0.028138,0.453778,-2.010501,-0.016285,0.610748,0.200627,0.024727,1.067052,0.000074,-0.000421,0.000513,0.000668,-0.000208,0.000075,0.000468,0.000518,0.933333
154,0.827539,0.560641,0.029321,-0.489415,0.367233,0.627278,-0.027765,0.447654,-2.075598,-0.029325,0.595451,0.185847,0.024376,1.063990,0.000040,-0.000395,0.000529,0.000661,0.045972,0.047747,0.017273,0.068495,0.933333
155,0.834822,0.548836,0.043024,-0.465052,0.370249,0.626772,-0.027308,0.441765,-2.140527,-0.043037,0.581580,0.170838,0.023941,1.060878,-0.000020,-0.000357,0.000549,0.000655,-0.046356,-0.047416,-0.016213,0.068265,0.933333
156,0.840966,0.538047,0.057288,-0.440020,0.373267,0.626203,-0.026766,0.436113,-2.205452,-0.057319,0.569168,0.155605,0.023420,1.057726,-0.000026,-0.000334,0.000550,0.000644,-0.000280,0.000152,0.000549,0.000634,0.935484
157,0.845981,0.528329,0.072007,-0.414292,0.376278,0.625580,-0.026137,0.430696,-2.270548,-0.072070,0.558252,0.140152,0.022812,1.054544,-0.000037,-0.000311,0.000554,0.000636,-0.000390,0.000096,0.000545,0.000677,0.935484
158,0.849854,0.519790,0.086981,-0.387995,0.379275,0.624910,-0.025421,0.425515,-2.335596,-0.087091,0.548922,0.124483,0.022116,1.051344,-0.000111,-0.000261,0.000567,0.000634,-0.000239,0.000303,0.000622,0.000732,0.935484
159,0.852620,0.512454,0.102123,-0.361052,0.382252,0.624203,-0.024618,0.420568,-2.400902,-0.102302,0.541180,0.108600,0.021334,1.048136,-0.000097,-0.000244,0.000563,0.000621,-0.000441,0.000161,0.000585,0.000750,0.935484
160,0.854295,0.506397,0.117227,-0.333594,0.385202,0.623467,-0.023732,0.415854,-2.466260,-0.117497,0.535084,0.092507,0.020466,1.044929,-0.000167,-0.000190,0.000566,0.000620,-0.000292,0.000365,0.000651,0.000801,0.935484
161,0.854919,0.501635,0.132196,-0.305551,0.388120,0.622710,-0.022763,0.411373,-2.531957,-0.132585,0.530630,0.076206,0.019516,1.041735,-0.000154,-0.000171,0.000561,0.000606,-0.000484,0.000239,0.000617,0.000820,0.937500
162,0.854533,0.498206,0.146845,-0.277019,0.390999,0.621941,-0.021716,0.407124,-2.597882,-0.147378,0.527837,0.059699,0.018485,1.038562,-0.000204,-0.000122,0.000556,0.000604,-0.000402,0.000378,0.000656,0.000857,0.937500
163,0.853189,0.496122,0.161031,-0.248008,0.393834,0.621169,-0.020595,0.403105,-2.664119,-0.161736,0.526699,0.042989,0.017380,1.035422,-0.000222,-0.000086,0.000547,0.000596,-0.000448,0.000394,0.000657,0.000887,0.937500
164,0.850949,0.495386,0.174579,-0.218611,0.396622,0.620403,-0.019405,0.399314,-2.730572,-0.175479,0.527196,0.026077,0.016204,1.032323,-0.000262,-0.000038,0.000532,0.000594,-0.000386,0.000509,0.000678,0.000931,0.937500
165,0.847872,0.495984,0.187384,-0.188769,0.399357,0.619648,-0.018152,0.395750,-2.797476,-0.188498,0.529299,0.008964,0.014963,1.029275,-0.000250,-0.000016,0.000522,0.000579,-0.000551,0.000418,0.000648,0.000948,0.937500
166,0.844010,0.497908,0.199336,-0.158415,0.402035,0.618915,-0.016842,0.392411,-2.865071,-0.200680,0.532983,-0.008349,0.013664,1.026285,-0.000235,0.000004,0.000516,0.000567,-0.000746,0.000313,0.000619,0.001018,0.939394
167,0.839486,0.501095,0.210160,-0.127935,0.404655,0.618210,-0.015482,0.389295,-2.932585,-0.211739,0.538142,-0.025860,0.012314,1.023362,-0.000366,0.000108,0.000464,0.000601,-0.000174,0.000861,0.000721,0.001137,0.939394
168,0.834355,0.505505,0.219808,-0.097161,0.407212,0.617539,-0.014082,0.386400,-3.000469,-0.221617,0.544720,-0.043566,0.010922,1.020513,-0.000310,0.000107,0.000458,0.000564,-0.000535,0.000602,0.000648,0.001034,0.939394
169,0.828690,0.511091,0.228167,-0.066072,0.409706,0.616909,-0.012649,0.383723,-3.068831,-0.230194,0.552641,-0.061467,0.009495,1.017744,-0.000305,0.000134,0.000442,0.000553,-0.000651,0.000564,0.000625,0.001064,0.939394
170,0.822594,0.517758,0.235086,-0.034819,0.412135,0.616326,-0.011191,0.381260,-3.137390,-0.237307,0.561772,-0.079560,0.008043,1.015062,-0.000348,0.000190,0.000400,0.000563,-0.000470,0.000762,0.000640,0.001101,0.939394
171,0.816124,0.525460,0.240488,-0.003274,0.414498,0.615794,-0.009719,0.379012,3.076718,-0.242869,0.572038,-0.061102,0.006576,1.012471,-0.000308,0.000198,0.000396,0.000539,-0.000770,0.000582,0.000591,0.001131,0.941176
172,0.809416,0.534039,0.244228,0.028276,0.416794,0.615319,-0.008243,0.376973,3.007725,-0.246724,0.583222,-0.043260,0.005103,1.009976,-0.000379,0.000271,0.000326,0.000569,-0.000356,0.000944,0.000621,0.001185,0.941176
173,0.802535,0.543417,0.246242,0.059917,0.419023,0.614903,-0.006772,0.375140,2.938613,-0.248801,0.595208,-0.026024,0.003636,1.007578,-0.000347,0.000282,0.000312,0.000545,-0.000578,0.000819,0.000575,0.001156,0.941176
174,0.795551,0.553500,0.246447,0.091682,0.421187,0.614550,-0.005317,0.373511,2.869300,-0.249012,0.607864,-0.009384,0.002184,1.005281,-0.000330,0.000303,0.000291,0.000534,-0.000716,0.000769,0.000543,0.001182,0.941176
175,0.788581,0.564115,0.244773,0.123387,0.423287,0.614262,-0.003888,0.372082,2.800188,-0.247286,0.620957,0.006670,0.000758,1.003085,-0.000361,0.000350,0.000228,0.000552,-0.000471,0.000980,0.000538,0.001213,0.941176
176,0.781665,0.575193,0.241150,0.155185,0.425323,0.614040,-0.002495,0.370849,2.730949,-0.243551,0.634387,0.022149,-0.000630,1.000990,-0.000315,0.000354,0.000228,0.000525,-0.000820,0.000789,0.000488,0.001238,0.914286
177,0.774924,0.586525,0.235546,0.186852,0.427298,0.613885,-0.001151,0.369810,2.662076,-0.237781,0.647890,0.037064,-0.001970,0.998995,-0.000349,0.000399,0.000153,0.000551,-0.000496,0.001039,0.000480,0.001247,0.942857
178,0.768421,0.597978,0.227928,0.218400,0.429215,0.613795,0.000136,0.368959,2.593553,-0.229949,0.661300,0.051426,-0.003251,0.997098,-0.000329,0.000414,0.000124,0.000543,-0.000592,0.001009,0.000443,0.001251,0.942857
179,0.762241,0.609371,0.218301,0.249719,0.431075,0.613771,0.001355,0.368293,2.525615,-0.220074,0.674403,0.065249,-0.004462,0.995295,-0.000330,0.000437,0.000069,0.000552,-0.000467,0.001111,0.000414,0.001274,0.942857
180,0.756424,0.620589,0.206623,0.280898,0.432883,0.613809,0.002496,0.367807,2.458062,-0.208122,0.687072,0.078542,-0.005593,0.993583,-0.000295,0.000444,0.000055,0.000536,-0.000706,0.001002,0.000371,0.001280,0.942857
181,0.751050,0.631423,0.192946,0.311776,0.434640,0.613906,0.003548,0.367498,2.391228,-0.194164,0.699082,0.091319,-0.006635,0.991956,-0.000303,0.000464,-0.000013,0.000554,-0.000470,0.001157,0.000342,0.001295,0.942857
182,0.746137,0.641783,0.177183,0.342540,0.436352,0.614059,0.004502,0.367361,2.324679,-0.178124,0.710352,0.103590,-0.007577,0.990408,-0.000251,0.000467,-0.000005,0.000530,-0.000925,0.000950,0.000296,0.001358,0.944444
183,0.741778,0.651398,0.159517,0.372856,0.438021,0.614263,0.005349,0.367391,2.259097,-0.160201,0.720615,0.115369,-0.008411,0.988934,-0.000283,0.000484,-0.000111,0.000571,-0.000334,0.001270,0.000269,0.001340,0.944444
184,0.737994,0.660135,0.139952,0.402787,0.439651,0.614512,0.006080,0.367583,2.194281,-0.140412,0.729768,0.126668,-0.009129,0.987526,-0.000248,0.000484,-0.000130,0.000559,-0.000535,0.001182,0.000225,0.001317,0.944444
185,0.734819,0.667815,0.118593,0.432243,0.441247,0.614801,0.006689,0.367933,2.130352,-0.118873,0.737665,0.137498,-0.009722,0.986175,-0.000236,0.000483,-0.000182,0.000568,-0.000419,0.001244,0.000185,0.001326,0.944444
186,0.732263,0.674301,0.095438,0.461299,0.442811,0.615120,0.007166,0.368435,2.067055,-0.095584,0.744214,0.147872,-0.010184,0.984874,-0.000201,0.000484,-0.000199,0.000561,-0.000649,0.001157,0.000143,0.001334,0.944444
187,0.730352,0.679403,0.070691,0.489780,0.444349,0.615464,0.007506,0.369083,2.004663,-0.070750,0.749273,0.157802,-0.010508,0.983614,-0.000199,0.000473,-0.000268,0.000579,-0.000342,0.001289,0.000103,0.001337,0.945946
188,0.729082,0.682989,0.044331,0.517791,0.445863,0.615823,0.007701,0.369874,1.942814,-0.044346,0.752767,0.167296,-0.010688,0.982386,-0.000159,0.000474,-0.000277,0.000572,-0.000663,0.001171,0.000061,0.001347,0.945946
189,0.728457,0.684891,0.016607,0.545155,0.447359,0.616189,0.007749,0.370802,1.881757,-0.016607,0.754583,0.176368,-0.010719,0.981181,-0.000156,0.000452,-0.000343,0.000589,-0.000323,0.001297,0.000019,0.001337,0.945946
190,0.728461,0.684975,-0.012401,0.571891,0.448838,0.616551,0.007642,0.371860,1.821293,0.012402,0.754642,0.185025,-0.010597,0.979989,-0.000128,0.000442,-0.000368,0.000589,-0.000434,0.001254,-0.000023,0.001328,0.945946
191,0.729076,0.683105,-0.042616,0.598016,0.450305,0.616899,0.007379,0.373044,1.761204,0.042629,0.752856,0.193277,-0.010318,0.978800,-0.000099,0.000433,-0.000394,0.000594,-0.000571,0.001212,-0.000064,0.001342,0.945946
192,0.730282,0.679130,-0.073964,0.623546,0.451764,0.617223,0.006956,0.374349,1.701250,0.074032,0.749121,0.201131,-0.009879,0.977603,-0.000073,0.000424,-0.000423,0.000603,-0.000693,0.001185,-0.000107,0.001376,0.947368
193,0.732029,0.672986,-0.105941,0.648171,0.453216,0.617512,0.006371,0.375768,1.641957,0.106140,0.743400,0.208597,-0.009278,0.976390,-0.000085,0.000359,-0.000495,0.000617,0.000025,0.001369,-0.000145,0.001377,0.947368
194,0.734272,0.664577,-0.138498,0.671969,0.454664,0.617755,0.005624,0.377295,1.582944,0.138944,0.735616,0.215681,-0.008514,0.975149,-0.000051,0.000346,-0.000505,0.000614,-0.000223,0.001279,-0.000184,0.001311,0.947368
195,0.736978,0.653757,-0.171655,0.695045,0.456112,0.617940,0.004715,0.378924,1.523706,0.172509,0.725630,0.222389,-0.007586,0.973869,-0.000013,0.000347,-0.000516,0.000622,-0.000604,0.001181,-0.000227,0.001346,0.947368
196,0.740115,0.640327,-0.205452,0.717501,0.457561,0.618054,0.003643,0.380651,1.463691,0.206926,0.713237,0.228722,-0.006491,0.972539,0.000025,0.000356,-0.000539,0.000646,-0.001028,0.001104,-0.000276,0.001534,0.947368
197,0.743556,0.624505,-0.238995,0.738838,0.459013,0.618087,0.002411,0.382470,1.403969,0.241330,0.698595,0.234688,-0.005233,0.971149,-0.000018,0.000214,-0.000600,0.000637,0.000379,0.001359,-0.000291,0.001441,0.948718
198,0.747252,0.606168,-0.272352,0.759211,0.460469,0.618026,0.001023,0.384372,1.343887,0.275836,0.681531,0.240290,-0.003814,0.969686,0.000023,0.000218,-0.000600,0.000639,-0.000128,0.001227,-0.000332,0.001278,0.948718
199,0.751143,0.585222,-0.305448,0.778666,0.461929,0.617861,-0.000517,0.386354,1.283028,0.310409,0.661872,0.245530,-0.002235,0.968139,0.000050,0.000203,-0.000615,0.000650,-0.000359,0.001169,-0.000372,0.001278,0.948718
200,0.755141,0.561722,-0.337980,0.797114,0.463395,0.617581,-0.002204,0.388408,1.221380,0.344769,0.639562,0.250409,-0.000500,0.966496,0.000055,0.000148,-0.000631,0.000650,-0.000136,0.001176,-0.000399,0.001249,0.948718
201,0.759178,0.535598,-0.369843,0.814584,0.464867,0.617173,-0.004033,0.390528,1.158540,0.378840,0.614407,0.254927,0.001388,0.964745,0.000078,0.000127,-0.000646,0.000663,-0.000327,0.001128,-0.000437,0.001253,0.948718
202,0.763153,0.506978,-0.400713,0.830981,0.466344,0.616627,-0.005997,0.392708,1.094540,0.412295,0.586377,0.259084,0.003422,0.962872,0.000078,0.000062,-0.000650,0.000658,-0.000044,0.001129,-0.000455,0.001218,0.950000
203,0.766990,0.475856,-0.430449,0.846316,0.467825,0.615934,-0.008088,0.394943,1.029047,0.444990,0.555299,0.262876,0.005597,0.960864,0.000095,0.000033,-0.000659,0.000667,-0.000164,0.001086,-0.000487,0.001202,0.950000
204,0.770612,0.442221,-0.458909,0.860592,0.469309,0.615082,-0.010298,0.397225,0.961715,0.476767,0.520975,0.266302,0.007907,0.958708,0.000110,0.000003,-0.000670,0.000679,-0.000277,0.001051,-0.000521,0.001205,0.950000
205,0.773916,0.406290,-0.485780,0.873728,0.470795,0.614064,-0.012617,0.399550,0.892626,0.507256,0.483431,0.269357,0.010343,0.956389,0.000103,-0.000065,-0.000657,0.000669,0.000018,0.001035,-0.000526,0.001161,0.950000
206,0.776831,0.368009,-0.510982,0.885755,0.472280,0.612869,-0.015036,0.401910,0.821314,0.536326,0.442413,0.272037,0.012896,0.953894,0.000123,-0.000082,-0.000671,0.000688,-0.000246,0.000991,-0.000567,0.001168,0.950000
207,0.779266,0.327580,-0.534262,0.896623,0.473763,0.611491,-0.017545,0.404300,0.747802,0.563634,0.397942,0.274335,0.015556,0.951208,0.000118,-0.000141,-0.000657,0.000682,-0.000061,0.000964,-0.000573,0.001123,0.926829
208,0.781142,0.285105,-0.555457,0.906319,0.475241,0.609922,-0.020131,0.406714,0.671940,0.588913,0.349962,0.276247,0.018313,0.948318,0.000123,-0.000180,-0.000652,0.000688,-0.000090,0.000928,-0.000593,0.001105,0.951220
209,0.781975,0.258350,-0.567248,0.911632,0.476709,0.608240,-0.022749,0.409129,0.624658,0.603161,0.319092,0.277914,0.021111,0.945307,-0.001468,-0.002382,0.001995,0.003436,0.026805,0.000326,0.002300,0.026906,0.951220
210,0.782011,0.256933,-0.567841,0.911897,0.478163,0.606567,-0.025344,0.411524,0.622162,0.603881,0.317443,0.279553,0.023886,0.942317,-0.002300,-0.003245,0.003683,0.005421,0.039459,-0.000568,0.004091,0.039675,0.951220
211,0.782011,0.256933,-0.567841,0.911897,0.479603,0.604910,-0.027915,0.413895,0.622162,0.603881,0.317443,0.281177,0.026635,0.939356,-0.000128,-0.000176,0.000210,0.000303,0.002177,-0.000041,0.000232,0.002190,0.951220
212,0.782011,0.256933,-0.567841,0.911897,0.481029,0.603269,-0.030462,0.416244,0.622162,0.603881,0.317443,0.282785,0.029358,0.936422,0.000000,0.000000,0.000000,0.000000,0.000000,0.000000,0.000000,0.000000,0.951220
213,0.782904,0.281652,-0.554738,0.911196,0.482446,0.601759,-0.032924,0.418568,0.635625,0.588048,0.345337,0.284442,0.031981,0.933647,-0.011068,-0.000375,0.000807,0.011104,0.015687,-0.011346,0.020335,0.028078,0.952381
214,0.780844,0.350764,-0.516960,0.907727,0.483841,0.600586,-0.035185,0.420854,0.672645,0.543296,0.422198,0.286256,0.034370,0.931257,-0.020697,-0.002487,0.000906,0.020866,0.030054,-0.018447,0.036663,0.050869,0.952381
215,0.771740,0.421132,-0.476513,0.901804,0.485180,0.599751,-0.037238,0.423091,0.709948,0.496684,0.499529,0.288226,0.036521,0.929249,-0.001978,-0.003080,-0.000835,0.003755,0.003990,0.002443,0.001776,0.005004,0.952381
216,0.756098,0.488475,-0.435555,0.893661,0.486434,0.599236,-0.039082,0.425269,0.745955,0.450655,0.573591,0.290346,0.038438,0.927603,-0.000098,-0.003079,-0.000948,0.003223,0.001344,0.004171,-0.001158,0.004533,0.952381
217,0.734507,0.552331,-0.394246,0.883399,0.487577,0.599020,-0.040719,0.427380,0.781049,0.405248,0.644764,0.292607,0.040128,0.926299,0.000106,-0.003160,-0.000950,0.003302,0.001100,0.004212,-0.001026,0.004472,0.952381
218,0.707698,0.612041,-0.352943,0.871174,0.488587,0.599080,-0.042151,0.429416,0.815406,0.360715,0.713043,0.295005,0.041599,0.925321,0.000481,-0.003164,-0.000948,0.003338,0.000597,0.004322,-0.001168,0.004517,0.953488
219,0.676261,0.667457,-0.311724,0.857068,0.489444,0.599392,-0.043382,0.431369,0.849394,0.317007,0.778846,0.297536,0.042856,0.924652,0.000641,-0.003244,-0.000957,0.003443,0.000440,0.004302,-0.000935,0.004424,0.953488
220,0.641285,0.717749,-0.271274,0.841391,0.490134,0.599930,-0.044418,0.433233,0.882851,0.274717,0.841602,0.300197,0.043910,0.924275,0.001280,-0.003007,-0.000915,0.003394,-0.000506,0.004378,-0.001499,0.004656,0.953488
221,0.603214,0.763252,-0.231471,0.824172,0.490646,0.600669,-0.045264,0.435002,0.916247,0.233589,0.901986,0.302985,0.044769,0.924174,0.001295,-0.003120,-0.000933,0.003504,-0.000421,0.004247,-0.001016,0.004387,0.953488
222,0.562951,0.803699,-0.192752,0.805665,0.490972,0.601583,-0.045929,0.436671,0.949552,0.193966,0.959768,0.305897,0.045441,0.924334,0.001740,-0.002908,-0.000896,0.003505,-0.001062,0.004168,-0.001268,0.004484,0.953488
223,0.520969,0.839357,-0.155149,0.785947,0.491106,0.602650,-0.046418,0.438237,0.983054,0.155778,1.015312,0.308934,0.045935,0.924742,0.001887,-0.002930,-0.000910,0.003602,-0.001175,0.004058,-0.001001,0.004341,0.931818
224,0.490166,0.862029,-0.129009,0.771160,0.491102,0.603808,-0.046787,0.439724,1.007243,0.129369,1.053771,0.312051,0.046308,0.925318,0.008808,0.006919,0.001310,0.011277,-0.015112,0.000582,-0.014685,0.021079,0.931818
225,0.486968,0.864231,-0.126358,0.769608,0.491084,0.604965,-0.047141,0.441190,1.009745,0.126696,1.057671,0.315152,0.046665,0.925906,0.015856,0.021121,0.004700,0.026825,-0.031388,-0.006248,-0.031439,0.044862,0.931818
226,0.486968,0.864231,-0.126358,0.769608,0.491065,0.606112,-0.047491,0.442643,1.009745,0.126696,1.057671,0.318225,0.047019,0.926489,0.001745,0.002515,0.000569,0.003114,-0.003549,-0.000843,-0.003580,0.005111,0.931818
227,0.486968,0.864231,-0.126358,0.769608,0.491047,0.607249,-0.047839,0.444083,1.009745,0.126696,1.057671,0.321272,0.047370,0.927067,0.000000,0.000000,0.000000,0.000000,0.000000,0.000000,0.000000,0.000000,0.931818
228,0.488370,0.863881,-0.123303,0.769298,0.491036,0.608375,-0.048170,0.445510,1.011280,0.123617,1.056267,0.324298,0.047705,0.927634,0.000387,-0.000256,0.000306,0.000556,0.003430,-0.000187,-0.001596,0.003788,0.933333
229,0.515349,0.854436,-0.065985,0.763355,0.491142,0.609449,-0.048248,0.446898,1.039846,0.066033,1.028067,0.327423,0.047785,0.928073,0.006793,-0.004629,0.005293,0.009777,0.060641,-0.004294,-0.029300,0.067485,0.933333
230,0.561030,0.827387,0.025984,0.753337,0.491446,0.610397,-0.047925,0.448230,1.085533,-0.025987,0.974937,0.330719,0.047464,0.928276,0.004062,-0.003275,0.002892,0.005965,0.038066,-0.006626,-0.023102,0.045018,0.933333
231,0.606739,0.786742,0.113595,0.743199,0.491945,0.611160,-0.047226,0.449507,1.130308,-0.113841,0.913862,0.334180,0.046766,0.928214,-0.000753,-0.000045,-0.000850,0.001137,-0.004766,-0.004192,-0.003899,0.007449,0.933333
232,0.651092,0.733212,0.196161,0.733051,0.492631,0.611686,-0.046177,0.450729,1.175223,-0.197442,0.844651,0.337805,0.045713,0.927854,-0.000698,-0.000000,-0.000726,0.001007,-0.004665,-0.003821,-0.004298,0.007405,0.933333
233,0.692383,0.668104,0.272477,0.723080,0.493488,0.611928,-0.044809,0.451898,1.220765,-0.275966,0.767554,0.341595,0.044332,0.927166,-0.000721,0.000108,-0.000664,0.000987,-0.005382,-0.003282,-0.004164,0.007555,0.934783
234,0.729140,0.592891,0.341812,0.713447,0.494495,0.611847,-0.043157,0.453016,1.267334,-0.348844,0.682701,0.345551,0.042652,0.926121,-0.000703,0.000186,-0.000578,0.000929,-0.005802,-0.002740,-0.004132,0.007632,0.934783
235,0.760056,0.509262,0.403693,0.704303,0.495625,0.611411,-0.041255,0.454085,1.315094,-0.415549,0.590329,0.349677,0.040702,0.924692,-0.000677,0.000259,-0.000493,0.000876,-0.006219,-0.002151,-0.004016,0.007709,0.934783
236,0.783985,0.419293,0.457778,0.695814,0.496847,0.610597,-0.039141,0.455109,1.363813,-0.475494,0.491116,0.353974,0.038515,0.922855,-0.000653,0.000339,-0.000417,0.000846,-0.006736,-0.001463,-0.003665,0.007806,0.934783
237,0.800188,0.324587,0.504323,0.688082,0.498127,0.609390,-0.036848,0.456092,1.413256,-0.528598,0.385358,0.358444,0.036122,0.920587,-0.000575,0.000362,-0.000312,0.000748,-0.006769,-0.000933,-0.003750,0.007794,0.934783
238,0.808049,0.227360,0.543474,0.681250,0.499429,0.607785,-0.034409,0.457038,1.462543,-0.574570,0.274278,0.363083,0.033556,0.917871,-0.000532,0.000419,-0.000239,0.000718,-0.007175,-0.000208,-0.003295,0.007898,0.914894
239,0.807311,0.129516,0.575739,0.675428,0.500717,0.605783,-0.031856,0.457952,1.510631,-0.613508,0.159073,0.367884,0.030849,0.914697,-0.000459,0.000443,-0.000155,0.000657,-0.007319,0.000437,-0.003039,0.007937,0.936170
240,0.798013,0.033095,0.601730,0.670724,0.501956,0.603397,-0.029216,0.458839,1.556111,-0.645666,0.041448,0.372835,0.028030,0.911058,-0.000390,0.000467,-0.000083,0.000614,-0.007492,0.001138,-0.002571,0.008002,0.936170
241,0.780559,-0.059910,0.622204,0.667233,0.503112,0.600645,-0.026513,0.459703,1.597405,-0.671555,-0.076603,0.377916,0.025127,0.906960,-0.000320,0.000482,-0.000023,0.000579,-0.007601,0.001858,-0.001931,0.008060,0.936170
242,0.755387,-0.148654,0.638194,0.665008,0.504154,0.597549,-0.023767,0.460552,1.633332,-0.692151,-0.194309,0.383104,0.022163,0.902409,-0.000194,0.000432,0.000075,0.000480,-0.007341,0.002284,-0.002296,0.008024,0.936170
243,0.723648,-0.230756,0.650450,0.664137,0.505058,0.594140,-0.020992,0.461390,1.662102,-0.708176,-0.308686,0.388367,0.019158,0.897425,-0.000157,0.000465,0.000087,0.000498,-0.007539,0.003177,-0.000780,0.008218,0.936170
244,0.686399,-0.305417,0.659982,0.664655,0.505801,0.590453,-0.018201,0.462223,1.682721,-0.720795,-0.418651,0.393672,0.016125,0.892031,-0.000051,0.000414,0.000149,0.000443,-0.007255,0.003662,-0.000627,0.008151,0.937500
245,0.644986,-0.371730,0.667690,0.666593,0.506369,0.586526,-0.015402,0.463057,1.694318,-0.731101,-0.522839,0.398981,0.013075,0.886256,0.000034,0.000375,0.000183,0.000418,-0.007016,0.004218,-0.000021,0.008186,0.937500
246,0.600961,-0.429015,0.674383,0.669957,0.506754,0.582398,-0.012598,0.463898,1.696321,-0.740129,-0.619982,0.404254,0.010014,0.880134,0.000112,0.000328,0.000202,0.000401,-0.006691,0.004724,0.000683,0.008219,0.937500
247,0.555744,-0.477158,0.680786,0.674761,0.506952,0.578108,-0.009790,0.464752,1.688392,-0.748835,-0.709462,0.409453,0.006941,0.873698,0.000207,0.000258,0.000233,0.000404,-0.006329,0.005144,0.000945,0.008210,0.937500
248,0.511104,-0.515964,0.687426,0.680970,0.506969,0.573697,-0.006979,0.465623,1.670388,-0.757938,-0.790129,0.414538,0.003857,0.866989,0.000265,0.000201,0.000220,0.000398,-0.005857,0.005544,0.001869,0.008278,0.937500
249,0.468565,-0.545759,0.694690,0.688560,0.506814,0.569201,-0.004161,0.466519,1.642238,-0.767989,-0.861356,0.419468,0.000757,0.860048,0.000339,0.000124,0.000220,0.000423,-0.005369,0.005857,0.002307,0.008273,0.918367
250,0.429588,-0.567060,0.702778,0.697497,0.506506,0.564656,-0.001333,0.467443,1.603839,-0.779296,-0.922468,0.424206,-0.002363,0.852918,0.000408,0.000043,0.000212,0.000462,-0.004867,0.006140,0.002736,0.008299,0.918367
251,0.395558,-0.580539,0.711694,0.707742,0.506063,0.560093,0.001507,0.468400,1.555019,-0.791906,-0.972688,0.428711,-0.005508,0.845644,0.000470,-0.000041,0.000192,0.000509,-0.004333,0.006387,0.003200,0.008355,0.918367
252,0.367954,-0.586983,0.721152,0.719140,0.505515,0.555541,0.004363,0.469395,1.496068,-0.805464,-1.010864,0.432947,-0.008683,0.838277,0.000466,-0.000105,0.000112,0.000490,-0.003467,0.006340,0.004337,0.008427,0.918367
253,0.347610,-0.587451,0.730800,0.731666,0.504891,0.551024,0.007234,0.470432,1.426549,-0.819494,-1.036483,0.436874,-0.011888,0.830867,0.000537,-0.000203,0.000101,0.000583,-0.002998,0.006528,0.004317,0.008381,0.918367
254,0.335390,-0.583005,0.740012,0.745169,0.504224,0.546559,0.010119,0.471513,1.346669,-0.833089,-1.048753,0.440456,-0.015121,0.823467,0.000528,-0.000271,0.000021,0.000594,-0.002158,0.006362,0.005080,0.008423,0.920000
255,0.331770,-0.574724,0.748078,0.759583,0.503548,0.542162,0.013013,0.472643,1.256230,-0.845162,-1.047259,0.443655,-0.018376,0.816131,0.000570,-0.000361,-0.000017,0.000675,-0.001615,0.006433,0.005200,0.008427,0.920000
256,0.337060,-0.563635,0.754126,0.774816,0.502897,0.537842,0.015908,0.473823,1.155435,-0.854323,-1.031841,0.446435,-0.021641,0.808912,0.000587,-0.000442,-0.000079,0.000739,-0.000972,0.006395,0.005511,0.008498,0.920000
257,0.351164,-0.550834,0.757143,0.790602,0.502307,0.533606,0.018792,0.475056,1.046167,-0.858928,-1.003249,0.448769,-0.024899,0.801861,0.000502,-0.000476,-0.000202,0.000720,0.000086,0.005734,0.006310,0.008527,0.920000
258,0.373804,-0.537141,0.756141,0.806887,0.501809,0.529456,0.021650,0.476342,0.929628,-0.857396,-0.962818,0.450633,-0.028126,0.795021,0.000534,-0.000559,-0.000247,0.000811,0.000548,0.005775,0.006222,0.008506,0.920000
259,0.404343,-0.523325,0.750092,0.823477,0.501433,0.525391,0.024463,0.477682,0.808726,-0.848201,-0.912961,0.452015,-0.031292,0.788427,0.000482,-0.000600,-0.000342,0.000842,0.001330,0.005317,0.006536,0.008529,0.921569
260,0.441733,-0.510003,0.738085,0.840129,0.501203,0.521409,0.027208,0.479076,0.687344,-0.830227,-0.857008,0.452920,-0.034365,0.782098,0.000385,-0.000608,-0.000449,0.000848,0.002185,0.004546,0.006827,0.008488,0.921569
261,0.485035,-0.497462,0.719217,0.856751,0.501141,0.517505,0.029859,0.480523,0.568460,-0.802674,-0.798046,0.453363,-0.037309,0.776044,0.000383,-0.000662,-0.000508,0.000918,0.002631,0.004436,0.006693,0.008449,0.921569
262,0.533067,-0.485830,0.692682,0.873188,0.501263,0.513676,0.032389,0.482022,0.455223,-0.765202,-0.739070,0.453370,-0.040087,0.770261,0.000342,-0.000691,-0.000587,0.000969,0.003192,0.004102,0.006687,0.008469,0.921569
263,0.584109,-0.475104,0.658099,0.889157,0.501578,0.509916,0.034768,0.483570,0.350947,-0.718291,-0.682848,0.452981,-0.042666,0.764736,0.000197,-0.000643,-0.000688,0.000962,0.003955,0.003032,0.006754,0.008393,0.921569
264,0.637210,-0.464888,0.614689,0.904644,0.502092,0.506223,0.036965,0.485165,0.256288,-0.661991,-0.630296,0.452236,-0.045012,0.759452,0.000252,-0.000725,-0.000737,0.001064,0.004187,0.003441,0.006511,0.008472,0.903846
265,0.690276,-0.454819,0.562724,0.919300,0.502802,0.502597,0.038949,0.486803,0.173169,-0.597677,-0.582602,0.451183,-0.047097,0.754387,0.000051,-0.000614,-0.000833,0.001036,0.004919,0.001984,0.006450,0.008351,0.923077
266,0.741938,-0.444221,0.502190,0.932998,0.503701,0.499037,0.040690,0.488481,0.101476,-0.526130,-0.539486,0.449868,-0.048898,0.749523,0.000011,-0.000610,-0.000888,0.001078,0.005239,0.001739,0.006186,0.008290,0.923077
267,0.791006,-0.432240,0.432987,0.945636,0.504777,0.495549,0.042159,0.490193,0.040659,-0.447804,-0.500108,0.448335,-0.050392,0.744843,0.000008,-0.000638,-0.000951,0.001146,0.005559,0.001825,0.006002,0.008382,0.923077
268,0.835536,-0.418119,0.356450,0.956898,0.506011,0.492140,0.043332,0.491935,-0.008998,-0.364466,-0.463983,0.446629,-0.051564,0.740332,-0.000199,-0.000474,-0.000998,0.001123,0.005964,0.000320,0.005594,0.008183,0.923077
269,0.874347,-0.400932,0.273441,0.966642,0.507380,0.488820,0.044188,0.493699,-0.048094,-0.276968,-0.429941,0.444790,-0.052402,0.735982,-0.000261,-0.000420,-0.001031,0.001143,0.006149,-0.000054,0.005210,0.008060,0.923077
270,0.906528,-0.379637,0.184614,0.974750,0.508859,0.485604,0.044708,0.495481,-0.077181,-0.185679,-0.396591,0.442856,-0.052896,0.731787,-0.000269,-0.000419,-0.001079,0.001189,0.006378,0.000056,0.004971,0.008086,0.924528
271,0.930890,-0.353510,0.092054,0.980999,0.510416,0.482507,0.044882,0.497272,-0.096216,-0.092184,-0.362932,0.440867,-0.053041,0.727748,-0.000438,-0.000238,-0.001068,0.001179,0.006418,-0.001170,0.004335,0.007833,0.924528
272,0.946929,-0.321420,-0.003689,0.985291,0.512021,0.479552,0.044704,0.499067,-0.105324,0.003689,-0.327232,0.438859,-0.052832,0.723869,-0.000386,-0.000294,-0.001138,0.001237,0.006730,-0.000493,0.004284,0.007993,0.924528
273,0.953904,-0.283119,-0.099555,0.987418,0.513639,0.476758,0.044175,0.500856,-0.104067,0.099720,-0.288519,0.436870,-0.052273,0.720161,-0.000601,-0.000023,-0.001055,0.001214,0.006429,-0.002180,0.003342,0.007567,0.924528
274,0.951682,-0.238067,-0.193972,0.987278,0.515238,0.474149,0.043306,0.502631,-0.091984,0.195209,-0.245124,0.434940,-0.051370,0.716638,-0.000622,0.000035,-0.001049,0.001220,0.006414,-0.002177,0.002967,0.007395,0.924528
275,0.940222,-0.185776,-0.285428,0.984749,0.516783,0.471750,0.042111,0.504384,-0.068107,0.289453,-0.195075,0.433111,-0.050131,0.713322,-0.000635,0.000079,-0.001058,0.001237,0.006494,-0.002053,0.002692,0.007323,0.907407
276,0.919768,-0.126444,-0.371536,0.979734,0.518244,0.469582,0.040612,0.506106,-0.031290,0.380663,-0.136617,0.431428,-0.048570,0.710243,-0.000723,0.000240,-0.000978,0.001239,0.006159,-0.002695,0.002024,0.007020,0.907407
277,0.890786,-0.060342,-0.450400,0.972155,0.519588,0.467669,0.038840,0.507789,0.019934,0.467213,-0.067637,0.429943,-0.046708,0.707435,-0.000760,0.000344,-0.000918,0.001241,0.005926,-0.002884,0.001549,0.006771,0.907407
278,0.853548,0.012706,-0.520859,0.961848,0.520790,0.466033,0.036826,0.509422,0.087911,0.547857,0.014885,0.428713,-0.044569,0.704943,-0.000734,0.000340,-0.000961,0.001256,0.006238,-0.002314,0.001551,0.006832,0.907407
279,0.809192,0.091187,-0.580425,0.948849,0.521823,0.464689,0.034614,0.510997,0.173628,0.619250,0.112216,0.427798,-0.042190,0.702819,-0.000830,0.000564,-0.000764,0.001262,0.005338,-0.003270,0.000605,0.006289,0.907407
280,0.758370,0.174574,-0.628012,0.933043,0.522668,0.463653,0.032247,0.512504,0.278508,0.678996,0.226255,0.427265,-0.039614,0.701117,-0.000810,0.000586,-0.000760,0.001255,0.005446,-0.002834,0.000526,0.006162,0.909091
281,0.702265,0.261348,-0.662209,0.914456,0.523307,0.462933,0.029776,0.513935,0.401520,0.723763,0.356270,0.427174,-0.036897,0.699890,-0.000837,0.000710,-0.000621,0.001261,0.004861,-0.003106,-0.000016,0.005768,0.909091
282,0.641730,0.350438,-0.682185,0.893000,0.523727,0.462534,0.027251,0.515279,0.539912,0.750747,0.499831,0.427573,-0.034104,0.699180,-0.000823,0.000749,-0.000582,0.001255,0.004836,-0.002782,-0.000128,0.005581,0.909091
283,0.578150,0.439866,-0.687212,0.868776,0.523920,0.462454,0.024727,0.516528,0.686908,0.757644,0.650388,0.428490,-0.031307,0.699008,-0.000830,0.000856,-0.000417,0.001263,0.004117,-0.002994,-0.000624,0.005129,0.909091
284,0.512326,0.528395,-0.676994,0.841679,0.523879,0.462686,0.022256,0.517673,0.835162,0.743670,0.800838,0.429922,-0.028578,0.699366,-0.000806,0.000871,-0.000390,0.001249,0.004201,-0.002542,-0.000592,0.004946,0.909091
285,0.445392,0.614190,-0.651458,0.811745,0.523603,0.463218,0.019892,0.518705,0.976685,0.709504,0.943376,0.431840,-0.025988,0.700223,-0.000794,0.000928,-0.000277,0.001252,0.003809,-0.002442,-0.000802,0.004595,0.910714
286,0.378458,0.695380,-0.610915,0.779030,0.523096,0.464029,0.017686,0.519615,1.105687,0.657215,1.072382,0.434196,-0.023599,0.701524,-0.000775,0.000972,-0.000160,0.001253,0.003389,-0.002315,-0.000966,0.004216,0.910714
287,0.312999,0.769663,-0.556463,0.743858,0.522364,0.465094,0.015686,0.520396,1.218700,0.590123,1.184552,0.436930,-0.021461,0.703207,-0.000741,0.001025,0.000059,0.001266,0.002315,-0.002498,-0.001367,0.003669,0.910714
288,0.249449,0.835957,-0.488826,0.706080,0.521416,0.466382,0.013934,0.521041,1.316501,0.510744,1.280808,0.439984,-0.019613,0.705212,-0.000710,0.000998,0.000051,0.001226,0.002639,-0.001887,-0.001057,0.003412,0.910714
289,0.188851,0.892515,-0.409577,0.665937,0.520266,0.467857,0.012469,0.521542,1.400078,0.421990,1.362278,0.443306,-0.018085,0.707486,-0.000670,0.001008,0.000209,0.001228,0.001909,-0.001855,-0.001193,0.002917,0.910714
290,0.131680,0.938227,-0.319986,0.623394,0.518926,0.469479,0.011322,0.521894,1.471708,0.325715,1.431357,0.446852,-0.016899,0.709982,-0.000642,0.000985,0.000247,0.001201,0.001941,-0.001447,-0.000958,0.002604,0.912281
291,0.078774,0.971810,-0.222217,0.578765,0.517413,0.471205,0.010520,0.522089,1.533122,0.224088,1.489914,0.450585,-0.016071,0.712662,-0.000593,0.000965,0.000400,0.001201,0.001159,-0.001433,-0.001017,0.002105,0.912281
292,0.030511,0.992537,-0.118066,0.532123,0.515746,0.472990,0.010079,0.522123,1.586316,0.118342,1.540066,0.454474,-0.015611,0.715496,-0.000560,0.000925,0.000455,0.001173,0.001002,-0.001143,-0.000785,0.001711,0.912281
293,-0.012736,0.999873,-0.009566,0.483621,0.513942,0.474788,0.010012,0.521992,1.632882,0.009566,1.583533,0.458496,-0.015525,0.718459,-0.000523,0.000879,0.000528,0.001151,0.000686,-0.000950,-0.000588,0.001311,0.912281
294,-0.050737,0.993555,0.101359,0.433349,0.512021,0.476553,0.010323,0.521691,1.674185,-0.101534,1.621818,0.462631,-0.015818,0.721531,-0.000496,0.000828,0.000573,0.001123,0.000542,-0.000713,-0.000299,0.000945,0.912281
295,-0.083205,0.973641,0.212370,0.381595,0.510003,0.478238,0.011008,0.521216,1.711183,-0.214000,1.656046,0.466864,-0.016489,0.724699,-0.000453,0.000763,0.000658,0.001105,-0.000003,-0.000669,-0.000133,0.000682,0.896552
296,-0.109983,0.940598,0.321217,0.328653,0.507909,0.479800,0.012056,0.520565,1.744662,-0.327014,1.687196,0.471181,-0.017538,0.727951,-0.000408,0.000685,0.000728,0.001080,-0.000542,-0.000648,0.000054,0.000847,0.913793
297,-0.131122,0.895012,0.426335,0.274551,0.505757,0.481198,0.013451,0.519737,1.775393,-0.440437,1.716264,0.475572,-0.018962,0.731278,-0.000401,0.000624,0.000717,0.001032,-0.000433,-0.000404,0.000491,0.000769,0.913793
298,-0.146560,0.838047,0.525545,0.219719,0.503568,0.482396,0.015169,0.518730,1.803745,-0.553355,1.743928,0.480029,-0.020756,0.734677,-0.000347,0.000526,0.000789,0.001009,-0.001208,-0.000548,0.000605,0.001458,0.913793
299,-0.156430,0.770714,0.617681,0.164164,0.501361,0.483360,0.017184,0.517544,1.830164,-0.665790,1.771043,0.484544,-0.022913,0.738143,-0.000350,0.000464,0.000757,0.000954,-0.001070,-0.000367,0.001064,0.001554,0.913793
300,-0.160804,0.694724,0.701071,0.108335,0.499154,0.484064,0.019464,0.516180,1.854708,-0.776899,1.798255,0.489112,-0.025426,0.741676,-0.000300,0.000360,0.000796,0.000924,-0.001799,-0.000566,0.001179,0.002224,0.913793
301,-0.159833,0.611046,0.775291,0.052017,0.496964,0.484486,0.021975,0.514638,1.877505,-0.887176,1.826636,0.493724,-0.028289,0.745281,-0.000342,0.000326,0.000716,0.000858,-0.001260,-0.000297,0.001816,0.002230,0.915254
302,-0.153705,0.522428,0.838716,-0.003881,0.494810,0.484612,0.024679,0.512921,1.897881,-0.994920,1.856935,0.498374,-0.031490,0.748962,-0.000235,0.000173,0.000792,0.000844,-0.002799,-0.000892,0.001530,0.003312,0.915254
303,-0.142616,0.430081,0.891454,-0.059531,0.492706,0.484432,0.027540,0.511032,1.914979,-1.100544,1.890989,0.503049,-0.035018,0.752731,-0.000278,0.000139,0.000698,0.000764,-0.002339,-0.000721,0.002097,0.003223,0.915254
304,-0.126852,0.336214,0.933203,-0.114484,0.490668,0.483944,0.030519,0.508974,1.926353,-1.203226,1.931578,0.507731,-0.038861,0.756609,-0.000234,0.000042,0.000680,0.000720,-0.003014,-0.001035,0.002106,0.003820,0.915254
305,-0.106837,0.243193,0.964076,-0.168197,0.488709,0.483155,0.033580,0.506754,1.926129,-1.301943,1.984725,0.512381,-0.043002,0.760635,-0.000171,-0.000063,0.000652,0.000677,-0.003814,-0.001430,0.001941,0.004512,0.915254
306,-0.095093,0.196530,0.975876,-0.195105,0.486801,0.482218,0.036659,0.504460,1.916947,-1.350697,2.021448,0.516971,-0.047276,0.764756,0.004124,-0.003127,0.002853,0.005910,-0.046235,-0.018819,-0.025082,0.055865,0.916667
307,-0.094890,0.195762,0.976050,-0.195549,0.484906,0.481285,0.039719,0.502180,1.916711,-1.351496,2.022145,0.521531,-0.051524,0.768851,0.004363,-0.003128,0.002477,0.005912,-0.044461,-0.018106,-0.027342,0.055247,0.916667
308,-0.094890,0.195762,0.976050,-0.195549,0.483024,0.480358,0.042759,0.499915,1.916711,-1.351496,2.022145,0.526061,-0.055745,0.772920,0.000074,-0.000052,0.000041,0.000099,-0.000742,-0.000302,-0.000466,0.000927,0.916667
309,-0.094890,0.195762,0.976050,-0.195549,0.481154,0.479437,0.045780,0.497664,1.916711,-1.351496,2.022145,0.530561,-0.059938,0.776963,0.000000,0.000000,0.000000,0.000000,0.000000,0.000000,0.000000,0.000000,0.916667
310,-0.094890,0.195762,0.976050,-0.195549,0.479296,0.478522,0.048781,0.495428,1.916711,-1.351496,2.022145,0.535033,-0.064104,0.780980,0.000000,0.000000,0.000000,0.000000,0.000000,0.000000,0.000000,0.000000,0.916667
311,-0.094890,0.195762,0.976050,-0.195549,0.477449,0.477613,0.051762,0.493206,1.916711,-1.351496,2.022145,0.539475,-0.068244,0.784971,0.000000,0.000000,0.000000,0.000000,0.000000,0.000000,0.000000,0.000000,0.901639
312,-0.094890,0.195762,0.976050,-0.195549,0.475615,0.476710,0.054725,0.490999,1.916711,-1.351496,2.022145,0.543889,-0.072357,0.788936,0.000000,0.000000,0.000000,0.000000,0.000000,0.000000,0.000000,0.000000,0.901639
313,-0.094890,0.195762,0.976050,-0.195549,0.473792,0.475812,0.057668,0.488805,1.916711,-1.351496,2.022145,0.548275,-0.076444,0.792876,0.000000,0.000000,0.000000,0.000000,0.000000,0.000000,0.000000,0.000000,0.901639
314,-0.094890,0.195762,0.976050,-0.195549,0.471981,0.474920,0.060593,0.486626,1.916711,-1.351496,2.022145,0.552634,-0.080504,0.796791,0.000000,0.000000,0.000000,0.000000,0.000000,0.000000,0.000000,0.000000,0.901639
315,-0.094890,0.195762,0.976050,-0.195549,0.470182,0.474034,0.063499,0.484460,1.916711,-1.351496,2.022145,0.556964,-0.084539,0.800681,0.000000,0.000000,0.000000,0.000000,0.000000,0.000000,0.000000,0.000000,0.901639
316,-0.094874,0.195734,0.976057,-0.195556,0.468393,0.473153,0.066387,0.482308,1.916705,-1.351529,2.022135,0.561267,-0.088549,0.804546,0.000017,-0.000028,0.000007,0.000033,0.000030,0.000013,-0.000015,0.000036,0.903226
317,-0.088820,0.185079,0.978702,-0.198248,0.466636,0.472244,0.069265,0.480161,1.914810,-1.364038,2.018237,0.565537,-0.092572,0.808375,0.006704,-0.010338,0.002433,0.012559,0.011408,0.005059,-0.005733,0.013734,0.903226
318,-0.074676,0.159978,0.984292,-0.204691,0.464933,0.471262,0.072142,0.478008,1.912562,-1.393317,2.007525,0.569773,-0.096663,0.812146,0.010032,-0.012670,0.002907,0.016420,0.015210,0.007066,-0.007169,0.018239,0.903226
319,-0.059616,0.133116,0.989306,-0.211719,0.463289,0.470202,0.075017,0.475845,1.915257,-1.424418,1.991863,0.573991,-0.100825,0.815844,0.002482,0.000377,-0.000176,0.002516,0.001456,0.001191,-0.000084,0.001883,0.903226
320,-0.043890,0.105124,0.993490,-0.219162,0.461704,0.469062,0.077888,0.473674,1.928106,-1.456630,1.966302,0.578222,-0.105062,0.819439,0.002119,0.001064,-0.000310,0.002392,0.000795,0.000991,0.000184,0.001284,0.903226
321,-0.027606,0.076375,0.996697,-0.226906,0.460180,0.467838,0.080750,0.471491,1.964399,-1.489495,1.917634,0.582540,-0.109375,0.822860,0.001872,0.001420,-0.000363,0.002378,0.000437,0.000898,0.000276,0.001036,0.888889
322,-0.010586,0.046721,0.998852,-0.234976,0.458718,0.466530,0.083601,0.469297,2.076226,-1.522873,1.793611,0.587179,-0.113764,0.825875,0.002026,0.001394,-0.000330,0.002482,0.000616,0.001071,0.000131,0.001242,0.904762
