rot_x,rot_y,rot_z,running_mean_x,running_mean_y,running_mean_z
0.119325,0.971010,-0.207124,0.119325,0.971010,-0.207124
0.862460,-0.389859,-0.322759,0.490892,0.290576,-0.264942
0.919501,-0.142971,-0.366166,0.633762,0.146060,-0.298683
0.414507,-0.711756,0.567087,0.578948,-0.068394,-0.082241
-0.267416,0.310657,0.912130,0.409675,0.007416,0.116633
0.659633,0.383586,0.646332,0.451335,0.070111,0.204917
-0.702641,-0.416336,-0.577027,0.286481,0.000619,0.093210
0.487012,-0.626324,-0.608718,0.311548,-0.077749,0.005469
-0.555171,-0.243417,-0.795319,0.215245,-0.096157,-0.083507
-0.246079,0.528934,-0.812203,0.169113,-0.033648,-0.156377
0.084641,-0.537300,-0.839133,0.161434,-0.079434,-0.218446
0.699977,-0.309661,0.643539,0.206312,-0.098620,-0.146614
-0.354085,-0.885303,-0.301434,0.163205,-0.159134,-0.158523
-0.684490,0.648949,0.332174,0.102655,-0.101414,-0.123473
0.746993,0.573646,0.336053,0.145611,-0.056410,-0.092838
-0.567874,-0.713497,0.410415,0.101018,-0.097478,-0.061385
0.643489,-0.590184,0.487447,0.132928,-0.126460,-0.029100
-0.211603,0.916699,0.338951,0.113788,-0.068507,-0.008653
0.437543,-0.756469,-0.486118,0.130827,-0.104716,-0.033783
0.062926,-0.006630,-0.997996,0.127432,-0.099811,-0.081994
-0.916202,0.002888,0.400705,0.077735,-0.094921,-0.059008
-0.813332,-0.461490,-0.354286,0.037232,-0.111583,-0.072430
0.333628,0.673161,-0.659959,0.050119,-0.077464,-0.097974
0.129242,0.558201,-0.819578,0.053416,-0.050978,-0.128041
0.023218,-0.993749,0.109200,0.052208,-0.088689,-0.118552
-0.514740,0.842585,-0.158408,0.030402,-0.052870,-0.120085
0.533663,0.843642,0.058925,0.049042,-0.019666,-0.113455
-0.838584,0.396881,-0.373178,0.017341,-0.004789,-0.122730
-0.422693,-0.715455,0.556286,0.002167,-0.029295,-0.099316
0.554255,-0.477363,0.681855,0.020570,-0.044231,-0.073277
0.847509,-0.151644,0.508657,0.047246,-0.047696,-0.054505
-0.950757,0.157472,-0.266951,0.016058,-0.041284,-0.061144
0.193614,0.971547,-0.136419,0.021438,-0.010592,-0.063425
0.482257,-0.852280,0.202600,0.034992,-0.035348,-0.055601
0.197692,0.853266,-0.482551,0.039640,-0.009959,-0.067799
-0.690817,0.319122,-0.648793,0.019350,-0.000818,-0.083938
0.458182,0.838154,-0.295918,0.031210,0.021857,-0.089667
-0.168026,0.747936,-0.642152,0.025967,0.040964,-0.104206
-0.098252,0.185095,0.977797,0.022782,0.044660,-0.076463
-0.229739,-0.839932,-0.491665,0.016469,0.022545,-0.086843
-0.168721,-0.975211,-0.143168,0.011952,-0.001790,-0.088216
0.198141,0.942004,0.270866,0.016385,0.020681,-0.079667
-0.402005,0.860359,-0.313329,0.006655,0.040208,-0.085101
-0.823790,-0.317000,-0.469980,-0.012218,0.032090,-0.093848
-0.571562,0.615497,-0.542661,-0.024648,0.045055,-0.103822
0.914449,0.366076,0.172547,-0.004233,0.052033,-0.097814
0.796993,0.098495,0.595903,0.012814,0.053022,-0.083054
0.694658,-0.125755,-0.708263,0.027019,0.049297,-0.096079
0.466338,-0.590736,0.658452,0.035985,0.036236,-0.080680
-0.953218,-0.223451,-0.203581,0.016201,0.031042,-0.083138
-0.247574,0.713328,0.655645,0.011029,0.044420,-0.068652
0.136196,-0.596624,-0.790880,0.013436,0.032092,-0.082541
0.601868,0.471653,0.644437,0.024538,0.040386,-0.068825
0.368455,-0.091779,-0.925104,0.030907,0.037938,-0.084682
0.089065,0.852983,-0.514284,0.031965,0.052757,-0.092493
0.911113,-0.012583,0.411964,0.047664,0.051590,-0.083485
0.746918,0.600535,-0.285432,0.059931,0.061221,-0.087028
0.968017,-0.250866,0.003190,0.075588,0.055840,-0.085472
-0.852249,-0.291391,-0.434469,0.059862,0.049955,-0.091387
-0.541171,0.772180,0.332974,0.049845,0.061992,-0.084315
0.977236,0.140562,-0.158912,0.065048,0.063280,-0.085538
0.477396,0.855040,-0.202482,0.071699,0.076050,-0.087424
0.968029,0.178803,0.175924,0.085926,0.077681,-0.083244
0.961138,0.072283,0.266437,0.099601,0.077597,-0.077780
0.518944,-0.145873,0.842270,0.106053,0.074159,-0.063625
0.527540,0.096392,-0.844044,0.112439,0.074496,-0.075450
-0.916842,-0.257258,-0.305319,0.097077,0.069544,-0.078881
-0.065943,0.663688,0.745097,0.094679,0.078282,-0.066763
-0.486842,-0.762826,0.425537,0.086251,0.066092,-0.059629
0.102158,0.842385,-0.529103,0.086479,0.077182,-0.066335
-0.581808,0.521083,-0.624477,0.077066,0.083434,-0.074196
-0.933223,0.305617,0.188925,0.063034,0.086520,-0.070542
0.423181,-0.342242,-0.838921,0.067968,0.080646,-0.081068
0.016688,0.805847,0.591889,0.067275,0.090446,-0.071974
-0.866880,0.488394,-0.099952,0.054819,0.095752,-0.072347
0.714493,0.011823,0.699542,0.063499,0.094648,-0.062190
-0.984211,0.174643,-0.028772,0.049893,0.095687,-0.061756
-0.120157,0.992459,-0.024220,0.047713,0.107184,-0.061275
0.926559,0.367820,0.078721,0.058837,0.110483,-0.059503
-0.594050,-0.596441,0.539780,0.050676,0.101647,-0.052012
-0.792354,0.605073,0.077866,0.040268,0.107862,-0.050409
0.165750,0.363745,-0.916633,0.041799,0.110982,-0.060972
-0.524722,0.708779,-0.471486,0.034973,0.118185,-0.065918
0.630782,0.765109,0.129318,0.042066,0.125886,-0.063594
-0.089123,0.926719,-0.365034,0.040523,0.135308,-0.067140
-0.655923,0.359971,-0.663466,0.032424,0.137920,-0.074074
-0.152115,0.040936,-0.987515,0.030303,0.136805,-0.084574
0.642745,0.628639,-0.437827,0.037263,0.142394,-0.088588
-0.340742,-0.939952,0.019611,0.033016,0.130233,-0.087372
-0.272903,-0.926768,0.258119,0.029617,0.118489,-0.083533
-0.213608,0.235681,-0.948064,0.026944,0.119776,-0.093034
-0.826408,0.324527,-0.460143,0.017668,0.122002,-0.097024
-0.911120,-0.132332,-0.390318,0.007681,0.119267,-0.100178
-0.932000,-0.357187,-0.061586,-0.002315,0.114199,-0.099767
0.019829,-0.723695,0.689835,-0.002082,0.105379,-0.091456
0.650819,0.506467,0.565620,0.004719,0.109557,-0.084611
-0.269956,0.381002,0.884286,0.001887,0.112355,-0.074622
0.019165,-0.361211,-0.932287,0.002063,0.107523,-0.083374
-0.392419,0.136540,0.909596,-0.001921,0.107816,-0.073344
0.283762,0.638648,0.715268,0.000936,0.113124,-0.065458
-0.356669,-0.600068,0.716035,-0.002605,0.106063,-0.057720
0.475692,-0.442104,-0.760435,0.002084,0.100689,-0.064610
0.636269,0.285543,-0.716678,0.008241,0.102483,-0.070941
0.650197,-0.718391,-0.247301,0.014414,0.094590,-0.072636
0.162909,-0.973181,-0.162417,0.015828,0.084421,-0.073491
0.777639,0.132979,-0.614487,0.023015,0.084879,-0.078595
0.960445,0.122873,0.249895,0.031776,0.085234,-0.075525
0.211908,-0.977248,0.008998,0.033444,0.075396,-0.074742
0.206240,-0.544397,-0.813079,0.035029,0.069710,-0.081516
0.356591,-0.878936,0.316725,0.037952,0.061086,-0.077896
-0.870233,-0.448748,-0.203272,0.029771,0.056493,-0.079025
-0.049263,-0.153689,-0.986890,0.029065,0.054616,-0.087131
0.903008,-0.225922,0.365425,0.036799,0.052134,-0.083126
-0.022139,-0.621892,-0.782790,0.036282,0.046221,-0.089264
-0.710601,-0.150703,-0.687267,0.029787,0.044509,-0.094464
-0.489202,0.870554,-0.053081,0.025313,0.051630,-0.094107
-0.578253,-0.266121,-0.771235,0.020155,0.048914,-0.099894
-0.857189,0.407240,-0.315251,0.012720,0.051951,-0.101719
-0.407224,0.645446,-0.646195,0.009191,0.056938,-0.106295
0.187884,0.981553,-0.035393,0.010680,0.064643,-0.105704
-0.003894,0.053256,-0.998573,0.010559,0.064549,-0.113083
-0.784625,0.576323,0.228509,0.004041,0.068744,-0.110283
0.118886,-0.509803,0.852037,0.004975,0.064040,-0.102459
-0.264143,0.269193,0.926155,0.002805,0.065695,-0.094164
0.810724,-0.509030,0.289164,0.009268,0.061097,-0.091098
0.218520,0.974763,0.045675,0.010929,0.068348,-0.090012
0.064596,0.647814,-0.759055,0.011351,0.072911,-0.095280
-0.228063,-0.936108,0.267749,0.009481,0.065028,-0.092444
-0.292866,0.940249,0.173672,0.007137,0.071813,-0.090381
-0.692039,-0.524362,0.496112,0.001759,0.067227,-0.085870
0.268649,-0.804421,0.529844,0.003796,0.060573,-0.081169
-0.468769,0.802718,-0.368646,0.000216,0.066195,-0.083347
0.367251,0.305708,0.878447,0.002976,0.067996,-0.076116
0.640749,-0.413687,0.646764,0.007735,0.064402,-0.070721
0.402429,-0.684583,-0.607781,0.010659,0.058854,-0.074699
-0.878122,0.365970,-0.308168,0.004124,0.061112,-0.076416
-0.949477,-0.115279,0.291897,-0.002837,0.059824,-0.073728
0.150641,0.981410,-0.118915,-0.001725,0.066502,-0.074055
0.656992,-0.750843,-0.067798,0.003014,0.060622,-0.074010
0.417758,-0.875532,-0.242740,0.005977,0.053935,-0.075215
-0.599637,0.429290,0.675386,0.001682,0.056597,-0.069892
-0.499886,-0.747247,-0.437878,-0.001850,0.050937,-0.072483
-0.354892,-0.679010,0.642649,-0.004319,0.045832,-0.067482
-0.641473,0.243774,0.727383,-0.008744,0.047207,-0.061962
0.344356,-0.684664,-0.642382,-0.006309,0.042159,-0.065965
0.771513,0.513303,-0.375883,-0.000981,0.045386,-0.068088
-0.331090,0.756039,0.564610,-0.003227,0.050221,-0.063784
-0.164266,-0.640061,-0.750559,-0.004315,0.045557,-0.068424
-0.051510,-0.361772,-0.930842,-0.004632,0.042823,-0.074212
0.114232,-0.977598,-0.176784,-0.003839,0.036020,-0.074896
-0.506654,0.782784,0.361319,-0.007169,0.040966,-0.072007
0.633272,-0.466375,-0.617626,-0.002956,0.037628,-0.075597
-0.160553,-0.555395,-0.815941,-0.003986,0.033752,-0.080436
0.938725,-0.146370,0.312045,0.002136,0.032582,-0.077887
0.467951,0.757672,-0.454923,0.005141,0.037260,-0.080320
0.466056,0.264959,-0.844150,0.008096,0.038720,-0.085216
-0.227848,0.498641,0.836327,0.006593,0.041649,-0.079346
-0.114803,-0.902048,-0.416089,0.005824,0.035676,-0.081478
-0.387991,-0.370651,-0.843848,0.003348,0.033121,-0.086272
-0.638076,0.544759,0.544148,-0.000661,0.036319,-0.082332
0.879917,-0.298917,-0.369317,0.004808,0.034236,-0.084115
0.465670,0.876393,0.122828,0.007653,0.039435,-0.082837
-0.285524,-0.274323,-0.918272,0.005854,0.037510,-0.087963
0.787992,0.437682,-0.433016,0.010623,0.039950,-0.090067
0.508971,-0.790447,-0.340797,0.013644,0.034917,-0.091586
-0.002833,-0.527676,-0.849441,0.013544,0.031528,-0.096152
-0.337449,-0.284937,-0.897184,0.011443,0.029633,-0.100948
-0.375578,-0.918064,-0.126882,0.009139,0.023992,-0.101103
-0.313400,-0.314618,0.895989,0.007230,0.021989,-0.095203
-0.461863,0.513258,-0.723359,0.004471,0.024878,-0.098898
-0.515234,0.134449,0.846438,0.001432,0.025519,-0.093370
0.231433,0.489464,0.840752,0.002769,0.028217,-0.087939
0.524300,-0.339468,-0.780943,0.005784,0.026091,-0.091944
-0.416058,0.790988,-0.448590,0.003359,0.030487,-0.093994
0.672996,-0.604409,0.426340,0.007186,0.026859,-0.091021
0.049355,-0.322055,-0.945434,0.007425,0.024877,-0.095875
0.697896,-0.598128,0.393934,0.011326,0.021357,-0.093108
-0.581539,0.204152,0.787486,0.007996,0.022384,-0.088161
-0.702875,0.363302,-0.611537,0.004024,0.024288,-0.091085
-0.621354,0.199401,-0.757732,0.000550,0.025261,-0.094788
0.764366,-0.515454,0.387364,0.004770,0.022274,-0.092125
-0.330262,0.941165,0.071657,0.002929,0.027323,-0.091225
0.561389,-0.781310,0.272758,0.005981,0.022904,-0.089236
0.673896,0.731791,0.101716,0.009611,0.026757,-0.088198
0.209191,-0.628888,-0.748825,0.010690,0.023213,-0.091769
0.224727,-0.949608,-0.218501,0.011840,0.017982,-0.092450
0.442575,0.024359,0.896401,0.014144,0.018017,-0.087162
0.201684,0.978688,-0.038641,0.015141,0.023126,-0.086904
0.095147,0.897708,-0.430194,0.015565,0.027754,-0.088721
-0.435942,0.302395,-0.847651,0.013188,0.029199,-0.092715
0.410617,-0.092069,0.907148,0.015269,0.028564,-0.087480
-0.803844,0.019672,-0.594515,0.011003,0.028518,-0.090121
0.107342,0.427027,0.897845,0.011502,0.030583,-0.085002
-0.369702,-0.663800,-0.650146,0.009537,0.027004,-0.087915
0.350790,-0.004692,0.936442,0.011287,0.026841,-0.082662
0.538298,-0.156523,0.828092,0.013976,0.025906,-0.078015
-0.319266,-0.013278,0.947572,0.012284,0.025707,-0.072809
-0.681723,-0.030003,-0.730995,0.008779,0.025425,-0.076133
0.502558,0.698039,-0.510076,0.011261,0.028805,-0.078314
0.772564,-0.477044,0.419015,0.015067,0.026276,-0.075827
-0.430653,0.357800,-0.828564,0.012850,0.027925,-0.079572
-0.633185,-0.544142,-0.550442,0.009651,0.025093,-0.081903
0.943940,-0.321278,-0.075885,0.014254,0.023387,-0.081874
-0.060681,0.749002,0.659783,0.013886,0.026944,-0.078238
-0.687411,-0.704940,0.174715,0.010465,0.023374,-0.077004
0.520802,-0.641812,0.562888,0.012943,0.020145,-0.073898
0.264885,0.470709,0.841587,0.014160,0.022321,-0.069475
-0.900459,0.299214,0.315666,0.009763,0.023653,-0.067624
0.921770,-0.131416,0.364788,0.014126,0.022911,-0.065555
-0.032887,-0.915737,0.400431,0.013903,0.018441,-0.063336
-0.295223,-0.877043,0.378996,0.012437,0.014197,-0.061239
-0.491930,0.837415,-0.238203,0.010058,0.018080,-0.062074
-0.281534,-0.613850,-0.737514,0.008689,0.015113,-0.065245
0.960794,0.022287,0.276367,0.013138,0.015147,-0.063649
-0.193047,-0.715059,-0.671880,0.012179,0.011751,-0.066478
0.117137,-0.849642,-0.514187,0.012665,0.007763,-0.068550
-0.052098,-0.970328,0.236114,0.012367,0.003255,-0.067146
0.523639,0.809941,-0.264192,0.014712,0.006956,-0.068050
-0.856126,0.244433,0.455303,0.010736,0.008040,-0.065661
0.146670,-0.934000,0.325780,0.011354,0.003758,-0.063881
-0.352251,0.067919,0.933438,0.009708,0.004048,-0.059369
-0.004893,0.127039,0.991886,0.009643,0.004602,-0.054633
-0.130366,-0.549227,0.825442,0.009015,0.002119,-0.050687
0.200687,-0.912956,0.355297,0.009870,-0.001966,-0.048874
0.512500,0.621469,0.592553,0.012104,0.000804,-0.046023
0.151103,0.426317,-0.891864,0.012719,0.002687,-0.049766
0.903515,-0.159740,-0.397672,0.016644,0.001972,-0.051299
-0.535123,0.732729,0.420417,0.014224,0.005177,-0.049230
0.986651,0.030523,0.159962,0.018470,0.005288,-0.048316
-0.629252,-0.742297,0.230299,0.015654,0.002037,-0.047105
0.336324,0.056265,0.940064,0.017042,0.002272,-0.042832
-0.186428,0.128614,0.974014,0.016165,0.002816,-0.038449
-0.641719,0.250289,0.724950,0.013341,0.003879,-0.035172
-0.706718,-0.598281,-0.377636,0.010264,0.001305,-0.036636
-0.972909,-0.019422,0.230371,0.006081,0.001217,-0.035499
0.194453,0.978384,0.070370,0.006879,0.005358,-0.035051
-0.457469,0.443870,-0.770521,0.004919,0.007208,-0.038154
0.700082,0.702053,0.130412,0.007840,0.010127,-0.037446
0.169724,0.138511,-0.975709,0.008518,0.010665,-0.041372
0.770345,0.047315,-0.635869,0.011692,0.010817,-0.043849
0.529160,0.344630,0.775383,0.013839,0.012202,-0.040449
-0.513746,-0.236624,0.824666,0.011659,0.011174,-0.036875
-0.575152,0.638703,-0.511135,0.009244,0.013757,-0.038826
-0.629149,-0.283937,-0.723569,0.006628,0.012537,-0.041633
-0.981374,0.032704,-0.189303,0.002595,0.012619,-0.042235
0.624879,0.700837,0.344027,0.005125,0.015416,-0.040665
-0.628535,-0.177962,0.757148,0.002559,0.014634,-0.037435
0.040679,-0.759879,0.648790,0.002713,0.011511,-0.034668
-0.759365,-0.444664,-0.475014,-0.000348,0.009679,-0.036437
0.907426,0.419348,0.026919,0.003284,0.011317,-0.036183
-0.227689,0.970398,0.080532,0.002363,0.015138,-0.035718
0.093332,0.948316,0.303291,0.002724,0.018841,-0.034373
0.275934,0.407962,0.870303,0.003804,0.020379,-0.030797
-0.831891,-0.554311,0.026385,0.000514,0.018117,-0.030572
0.566079,-0.432719,-0.701648,0.002732,0.016349,-0.033204
0.847083,0.492333,0.200145,0.006030,0.018208,-0.032292
-0.701708,-0.696173,-0.151490,0.003276,0.015428,-0.032756
0.548660,-0.734980,0.398468,0.005390,0.012520,-0.031084
-0.089336,0.978587,-0.185436,0.005025,0.016250,-0.031680
-0.474246,0.442875,0.760889,0.003181,0.017891,-0.028632
0.328424,-0.900126,0.286202,0.004427,0.014373,-0.027426
0.470173,-0.727579,-0.499566,0.006205,0.011542,-0.029228
0.466212,-0.180480,-0.866068,0.007954,0.010811,-0.032410
0.755397,0.642290,0.129767,0.010785,0.013203,-0.031795
-0.518039,-0.629257,-0.579372,0.008790,0.010779,-0.033862
0.669706,-0.606891,-0.427991,0.011274,0.008457,-0.035343
0.554707,0.246096,0.794819,0.013310,0.009347,-0.032234
0.459317,0.604705,0.650661,0.014974,0.011568,-0.029686
-0.195307,0.044215,-0.979745,0.014192,0.011690,-0.033218
0.749056,0.000967,0.662506,0.016914,0.011650,-0.030641
-0.010169,0.918721,-0.394777,0.016814,0.014997,-0.031985
0.978906,0.199844,0.042485,0.020351,0.015677,-0.031711
0.835902,0.187874,-0.515723,0.023338,0.016308,-0.033484
-0.078518,0.812816,-0.577205,0.022967,0.019215,-0.035468
-0.087061,-0.576143,-0.812699,0.022567,0.017050,-0.038295
-0.457020,0.288895,-0.841233,0.020829,0.018035,-0.041204
0.199832,-0.551334,0.809999,0.021475,0.015979,-0.038131
0.581213,0.811448,0.061184,0.023489,0.018840,-0.037774
0.130585,-0.909271,-0.395187,0.023872,0.015514,-0.039055
-0.997983,-0.009567,-0.062753,0.020223,0.015424,-0.039139
-0.140234,-0.122643,0.982493,0.019652,0.014933,-0.035504
-0.016732,0.543114,0.839492,0.019523,0.016806,-0.032401
-0.228828,-0.040207,-0.972636,0.018645,0.016604,-0.035723
-0.619534,-0.010860,0.784895,0.016398,0.016508,-0.032834
-0.176967,0.978829,-0.102841,0.015720,0.019884,-0.033079
0.288916,-0.748593,0.596771,0.016675,0.017197,-0.030877
0.491699,-0.857658,0.150517,0.018330,0.014149,-0.030245
0.358319,-0.504275,-0.785694,0.019511,0.012349,-0.032868
-0.933092,0.355460,0.054652,0.016214,0.013536,-0.032565
0.385258,0.870883,-0.305186,0.017487,0.016493,-0.033505
-0.143710,-0.695410,-0.704097,0.016933,0.014046,-0.035810
-0.642253,0.300697,-0.705048,0.014676,0.015028,-0.038102
-0.936142,0.145915,0.319919,0.011430,0.015475,-0.036880
-0.531364,0.845064,0.059318,0.009584,0.018296,-0.036553
0.351219,-0.238969,-0.905284,0.010742,0.017424,-0.039498
-0.078473,-0.606071,-0.791530,0.010441,0.015318,-0.042038
-0.550703,-0.547338,-0.630196,0.008552,0.013423,-0.044018
-0.927852,0.077025,-0.364907,0.005409,0.013637,-0.045095
0.443813,0.894013,0.061402,0.006876,0.016581,-0.044739
-0.523018,0.250379,-0.814716,0.005109,0.017361,-0.047306
-0.830717,-0.540072,-0.135024,0.002332,0.015509,-0.047597
-0.128467,0.606107,0.784940,0.001899,0.017464,-0.044840
-0.243678,0.726921,0.642033,0.001089,0.019806,-0.042573
-0.403299,-0.208659,-0.890961,-0.000241,0.019054,-0.045364
0.927360,0.273260,0.255604,0.002800,0.019888,-0.044377
0.462399,0.784065,0.414041,0.004302,0.022385,-0.042879
0.711370,-0.367071,-0.599342,0.006605,0.021116,-0.044692
-0.919909,-0.265464,0.288610,0.003597,0.020186,-0.043610
0.880548,0.238032,-0.409850,0.006435,0.020891,-0.044795
-0.642014,-0.537738,-0.546494,0.004343,0.019089,-0.046413
-0.352335,-0.568656,-0.743297,0.003196,0.017199,-0.048654
0.228832,-0.864998,-0.446559,0.003919,0.014371,-0.049930
0.132848,0.759971,0.636236,0.004331,0.016754,-0.047737
-0.735787,0.599140,0.315671,0.001974,0.018608,-0.046580
0.992541,0.068618,0.100764,0.005119,0.018767,-0.046112
-0.515954,0.680132,0.520781,0.003470,0.020860,-0.044318
-0.219029,-0.774720,-0.593157,0.002768,0.018350,-0.046050
-0.453943,-0.751730,0.478370,0.001332,0.015929,-0.044400
0.324985,-0.479832,0.814952,0.002346,0.014374,-0.041707
0.348781,-0.927107,0.137202,0.003429,0.011432,-0.041147
-0.799267,-0.191787,-0.569552,0.000928,0.010799,-0.042794
0.850421,0.515422,-0.105469,0.003567,0.012366,-0.042988
-0.541947,0.675565,-0.499906,0.001878,0.014420,-0.044403
0.480827,0.838667,0.255817,0.003356,0.016964,-0.043476
0.720985,0.609499,0.329684,0.005564,0.018787,-0.042328
0.305703,-0.152431,-0.939846,0.006485,0.018262,-0.045081
-0.134311,0.241014,0.961183,0.006054,0.018943,-0.042004
0.194866,-0.619678,-0.760281,0.006630,0.016996,-0.044194
-0.982476,0.101324,-0.156443,0.003623,0.017252,-0.044535
-0.920795,-0.375274,0.106330,0.000822,0.016063,-0.044078
0.943709,0.209873,-0.255667,0.003671,0.016648,-0.044717
-0.081237,0.996420,0.023403,0.003415,0.019599,-0.044512
0.282817,-0.030239,0.958697,0.004254,0.019450,-0.041499
0.993449,0.040364,-0.106910,0.007216,0.019512,-0.041695
-0.099655,-0.223647,-0.969562,0.006897,0.018786,-0.044465
0.933474,0.341806,0.108605,0.009654,0.019748,-0.044009
0.346349,-0.936392,0.056685,0.010653,0.016911,-0.043710
0.343016,-0.838136,-0.424108,0.011637,0.014381,-0.044836
-0.836444,0.312565,-0.450184,0.009135,0.015260,-0.046032
0.044227,0.788289,-0.613714,0.009238,0.017534,-0.047701
-0.693804,-0.073025,0.716452,0.007177,0.017269,-0.045460
-0.959580,0.054689,-0.276072,0.004350,0.017378,-0.046135
0.527903,-0.105937,0.842672,0.005876,0.017018,-0.043543
-0.051094,0.111557,-0.992444,0.005711,0.017293,-0.046302
0.334256,-0.673721,0.659070,0.006663,0.015290,-0.044257
0.499928,0.027462,0.865632,0.008088,0.015325,-0.041628
-0.942878,-0.332432,-0.021695,0.005348,0.014323,-0.041570
-0.588945,0.576287,0.566601,0.003640,0.015938,-0.039822
-0.124050,-0.179793,-0.975851,0.003274,0.015377,-0.042504
0.046037,-0.394656,-0.917675,0.003396,0.014206,-0.045005
-0.413300,-0.607851,-0.678012,0.002209,0.012434,-0.046808
-0.957792,-0.277280,0.075833,-0.000518,0.011610,-0.046460
-0.840537,0.286887,0.459557,-0.002898,0.012390,-0.045027
0.455186,-0.239699,0.857525,-0.001604,0.011678,-0.042477
0.287417,0.848948,-0.443485,-0.000789,0.014037,-0.043607
-0.450134,0.394006,-0.801336,-0.002052,0.015104,-0.045735
0.838624,-0.469961,-0.275403,0.000303,0.013745,-0.046378
0.058250,0.984681,-0.164348,0.000465,0.016457,-0.046708
-0.038737,0.363281,-0.930874,0.000356,0.017423,-0.049171
-0.901100,0.366062,0.232416,-0.002148,0.018392,-0.048389
0.878881,-0.470755,0.077195,0.000292,0.017037,-0.048041
-0.157983,-0.982363,-0.100020,-0.000145,0.014276,-0.048184
0.739403,0.239936,-0.629058,0.001892,0.014898,-0.049784
-0.414737,0.383093,-0.825368,0.000748,0.015909,-0.051915
0.585393,-0.091262,-0.805597,0.002350,0.015616,-0.053980
0.861325,0.493744,0.119735,0.004697,0.016922,-0.053505
-0.908110,0.266261,-0.323173,0.002209,0.017601,-0.054240
0.760608,0.637158,-0.124524,0.004270,0.019285,-0.054431
-0.391025,0.887085,-0.245315,0.003199,0.021637,-0.054948
0.623002,0.181673,-0.760831,0.004874,0.022069,-0.056856
-0.436537,-0.551137,-0.711114,0.003684,0.020524,-0.058620
0.004625,0.996271,0.086153,0.003687,0.023147,-0.058231
0.174636,0.008057,0.984600,0.004145,0.023107,-0.055435
-0.478191,0.607035,-0.634698,0.002855,0.024668,-0.056984
0.334088,-0.897459,0.288015,0.003739,0.022209,-0.056064
0.648422,0.346292,-0.677960,0.005453,0.023071,-0.057718
0.103724,-0.644976,0.757131,0.005714,0.021299,-0.055556
-0.213032,-0.934269,0.285934,0.005135,0.018771,-0.054653
-0.455586,0.587736,-0.668586,0.003920,0.020272,-0.056273
0.706631,0.695515,0.130125,0.005769,0.022049,-0.055782
-0.931366,-0.340401,0.129168,0.003309,0.021098,-0.055297
-0.865486,-0.214124,-0.452863,0.001035,0.020482,-0.056337
-0.156029,-0.911360,-0.380890,0.000625,0.018049,-0.057185
-0.834282,0.519591,-0.184386,-0.001549,0.019355,-0.057516
-0.725126,0.535291,-0.433194,-0.003429,0.020695,-0.058492
-0.271584,0.930310,0.246506,-0.004124,0.023052,-0.057702
0.585506,0.171132,-0.792399,-0.002600,0.023435,-0.059600
-0.453928,0.808022,0.375567,-0.003763,0.025457,-0.058479
-0.685889,-0.134445,-0.715179,-0.005517,0.025046,-0.060167
-0.714996,0.487984,-0.500651,-0.007336,0.026233,-0.061296
-0.399888,-0.426067,0.811515,-0.008340,0.025076,-0.059064
-0.312856,-0.057897,0.948034,-0.009117,0.024864,-0.056495
0.311144,0.804617,-0.505748,-0.008302,0.026848,-0.057638
-0.115619,-0.578651,0.807338,-0.008574,0.025311,-0.055443
0.408495,0.852420,-0.326360,-0.007518,0.027405,-0.056129
0.464058,-0.087723,-0.881451,-0.006327,0.027115,-0.058213
0.159295,0.985922,0.050818,-0.005910,0.029530,-0.057938
-0.982488,0.048866,-0.179803,-0.008364,0.029578,-0.058244
-0.660549,-0.749354,0.046302,-0.009999,0.027626,-0.057982
0.095189,0.892476,-0.440937,-0.009736,0.029788,-0.058940
0.828598,-0.365850,0.423767,-0.007645,0.028802,-0.057736
-0.118082,-0.911775,0.393348,-0.007920,0.026462,-0.056614
-0.135087,-0.096226,-0.986150,-0.008235,0.026158,-0.058920
-0.365823,0.929840,0.039627,-0.009120,0.028394,-0.058676
0.947342,-0.171559,0.270391,-0.006759,0.027901,-0.057864
-0.971991,-0.221077,-0.079743,-0.009136,0.027287,-0.057918
0.005065,0.941928,0.335775,-0.009101,0.029535,-0.056950
-0.478617,-0.799012,-0.364013,-0.010252,0.027504,-0.057703
-0.908947,-0.262445,-0.323942,-0.012449,0.026795,-0.058354
-0.576677,0.791026,-0.204256,-0.013825,0.028659,-0.058710
-0.462344,0.582215,0.668778,-0.014917,0.030006,-0.056940
0.781660,-0.116028,-0.612817,-0.012983,0.029651,-0.058289
0.818019,0.449139,0.359332,-0.010971,0.030667,-0.057278
-0.228434,-0.668170,0.708073,-0.011496,0.028979,-0.055429
-0.458981,-0.595771,-0.659085,-0.012575,0.027474,-0.056884
0.605790,-0.411116,0.681177,-0.011088,0.026419,-0.055110
0.501244,-0.588830,-0.634061,-0.009860,0.024944,-0.056498
0.380322,0.111159,-0.918150,-0.008926,0.025150,-0.058559
0.385904,-0.321376,0.864752,-0.007984,0.024323,-0.056356
0.573601,-0.696443,-0.431218,-0.006599,0.022607,-0.057248
-0.919337,-0.081940,0.384844,-0.008767,0.022359,-0.056198
-0.925360,-0.370964,-0.078065,-0.010939,0.021427,-0.056250
-0.287981,0.951062,-0.112021,-0.011594,0.023624,-0.056382
0.583522,-0.603525,-0.543378,-0.010191,0.022145,-0.057530
-0.439020,0.706031,0.555681,-0.011200,0.023754,-0.056088
-0.627500,0.707528,-0.325035,-0.012646,0.025360,-0.056719
-0.106898,0.757299,0.644260,-0.012867,0.027074,-0.055077
-0.680655,-0.279076,-0.677366,-0.014427,0.026358,-0.056531
0.496603,0.173125,0.850537,-0.013236,0.026700,-0.054417
0.858460,0.471812,0.201096,-0.011209,0.027736,-0.053823
-0.986329,0.158897,0.043673,-0.013471,0.028040,-0.053596
-0.912441,-0.384726,0.139418,-0.015552,0.027084,-0.053150
0.083346,0.761054,-0.643312,-0.015324,0.028780,-0.054513
-0.287559,0.910623,-0.296776,-0.015951,0.030811,-0.055071
-0.550198,0.575405,-0.605138,-0.017179,0.032063,-0.056335
0.271971,-0.947848,0.166183,-0.016516,0.029816,-0.055825
0.654989,0.754294,0.045058,-0.014979,0.031474,-0.055594
0.911384,0.407314,-0.058940,-0.012865,0.032332,-0.055602
-0.773496,-0.633414,0.022153,-0.014597,0.030815,-0.055425
0.346904,0.096672,-0.932905,-0.013776,0.030965,-0.057419
-0.204351,-0.974190,0.095886,-0.014208,0.028686,-0.057071
0.989250,-0.098939,0.107686,-0.011937,0.028397,-0.056698
0.226417,0.498612,0.836732,-0.011399,0.029458,-0.054682
-0.287364,0.149673,-0.946055,-0.012021,0.029729,-0.056689
-0.646983,0.062174,-0.759966,-0.013448,0.029802,-0.058270
-0.906277,0.406169,-0.116996,-0.015450,0.030646,-0.058401
0.025053,-0.670665,-0.741337,-0.015359,0.029077,-0.059929
-0.633920,-0.677128,0.373689,-0.016740,0.027501,-0.058961
0.744510,0.640215,-0.189286,-0.015044,0.028865,-0.059252
-0.170042,0.378281,-0.909939,-0.015389,0.029642,-0.061142
0.448692,-0.879014,0.161277,-0.014360,0.027627,-0.060649
0.280353,0.886584,0.367928,-0.013708,0.029527,-0.059701
0.987392,-0.032967,0.154823,-0.011498,0.029389,-0.059227
-0.753750,0.321122,-0.573360,-0.013133,0.030032,-0.060359
-0.462405,-0.884131,0.067039,-0.014120,0.028023,-0.060079
0.687834,-0.346759,0.637685,-0.012581,0.027201,-0.058549
-0.099491,-0.889920,-0.445134,-0.012771,0.025194,-0.059395
0.078452,-0.873593,-0.480293,-0.012572,0.023232,-0.060314
-0.078184,-0.948884,0.305787,-0.012715,0.021114,-0.059517
0.664380,0.515754,0.540922,-0.011243,0.022189,-0.058211
-0.478129,-0.122935,0.869643,-0.012256,0.021874,-0.056199
0.949882,-0.257642,-0.177046,-0.010173,0.021269,-0.056460
0.809227,-0.367958,0.457994,-0.008403,0.020429,-0.055349
-0.891752,-0.438767,-0.110739,-0.010307,0.019439,-0.055468
-0.133727,-0.975332,0.175624,-0.010572,0.017300,-0.054971
-0.768581,0.106111,-0.630891,-0.012199,0.017490,-0.056207
0.190784,-0.464907,0.864560,-0.011764,0.016457,-0.054236
0.845180,-0.315907,-0.431130,-0.009933,0.015747,-0.055041
-0.246656,0.274624,0.929378,-0.010438,0.016299,-0.052942
-0.663083,0.586900,-0.464617,-0.011827,0.017513,-0.053818
0.078831,-0.400517,-0.912892,-0.011634,0.016626,-0.055642
-0.033762,0.328072,0.944049,-0.011681,0.017285,-0.053524
0.280869,0.398855,-0.872942,-0.011063,0.018092,-0.055256
-0.771912,0.237584,-0.589665,-0.012668,0.018555,-0.056384
-0.396671,0.026108,-0.917590,-0.013476,0.018571,-0.058197
0.871013,0.312774,-0.378825,-0.011618,0.019189,-0.058870
-0.500380,0.165885,-0.849766,-0.012643,0.019497,-0.060528
0.383686,0.827281,-0.410354,-0.011814,0.021187,-0.061260
-0.088767,-0.387540,0.917569,-0.011974,0.020333,-0.059217
-0.707690,0.281622,-0.647969,-0.013424,0.020878,-0.060443
-0.338931,0.192366,0.920935,-0.014100,0.021234,-0.058403
0.983145,0.171054,0.064551,-0.012031,0.021545,-0.058148
-0.897870,0.213534,0.385010,-0.013865,0.021943,-0.057230
-0.151950,-0.897579,0.413841,-0.014151,0.020043,-0.056257
-0.390795,-0.257144,-0.883831,-0.014927,0.019471,-0.057964
-0.064494,-0.859391,-0.507235,-0.015029,0.017663,-0.058888
-0.304603,-0.950847,-0.055735,-0.015624,0.015674,-0.058881
0.054616,0.995574,0.076485,-0.015480,0.017682,-0.058604
0.311016,-0.790968,-0.526914,-0.014812,0.016028,-0.059562
0.244645,0.341588,0.907451,-0.014283,0.016693,-0.057588
-0.150015,0.950844,-0.270907,-0.014559,0.018595,-0.058023
0.884717,-0.142540,0.443801,-0.012731,0.018268,-0.057003
-0.801214,0.413335,-0.432677,-0.014331,0.019069,-0.057765
0.026442,0.892805,-0.449667,-0.014248,0.020838,-0.058558
-0.981932,-0.157373,-0.105091,-0.016203,0.020478,-0.058652
-0.758107,-0.385443,0.526030,-0.017699,0.019659,-0.057473
-0.188437,-0.705967,-0.682716,-0.018042,0.018199,-0.058731
-0.011298,-0.531808,0.846789,-0.018029,0.017095,-0.056913
0.566458,-0.688270,0.453222,-0.016858,0.015681,-0.055891
-0.924743,-0.181303,0.334632,-0.018673,0.015288,-0.055110
-0.661914,0.746613,-0.066622,-0.019957,0.016747,-0.055133
0.576234,-0.045057,0.816042,-0.018770,0.016624,-0.053397
0.524782,0.741081,0.418812,-0.017689,0.018064,-0.052458
-0.312392,-0.795608,0.519055,-0.018274,0.016450,-0.051324
-0.177767,0.974187,-0.139135,-0.018590,0.018346,-0.051498
0.117367,-0.598091,0.792787,-0.018321,0.017128,-0.049830
-0.193099,-0.069506,0.978714,-0.018666,0.016957,-0.047801
-0.213714,0.892291,-0.397671,-0.019050,0.018680,-0.048490
0.609153,0.731770,-0.305687,-0.017815,0.020081,-0.048995
0.003724,-0.999870,-0.015669,-0.017773,0.018082,-0.048930
-0.460348,-0.332367,0.823172,-0.018639,0.017396,-0.047223
0.094150,-0.187179,-0.977804,-0.018419,0.016996,-0.049041
-0.412519,-0.171039,0.894748,-0.019187,0.016630,-0.047201
0.831153,0.025602,0.555453,-0.017533,0.016647,-0.046028
-0.641688,-0.741598,0.195622,-0.018745,0.015175,-0.045559
0.258017,0.390363,0.883767,-0.018208,0.015902,-0.043758
0.275667,-0.712557,0.645190,-0.017640,0.014493,-0.042426
-0.815871,-0.374401,-0.440656,-0.019181,0.013742,-0.043194
0.372834,0.242076,-0.895764,-0.018426,0.014182,-0.044837
-0.920877,-0.126585,-0.368731,-0.020161,0.013911,-0.045460
0.289264,-0.256114,-0.922351,-0.019567,0.013393,-0.047143
-0.958156,-0.279302,-0.062668,-0.021365,0.012832,-0.047173
-0.315231,-0.943691,0.100386,-0.021927,0.011003,-0.046891
0.365974,-0.689005,0.625568,-0.021187,0.009668,-0.045607
-0.726714,0.010793,0.686856,-0.022531,0.009670,-0.044212
-0.048208,-0.550532,0.833421,-0.022580,0.008605,-0.042544
0.785761,-0.431546,0.443112,-0.021046,0.007769,-0.041622
-0.129534,0.498343,0.857249,-0.021251,0.008699,-0.039920
-0.066273,-0.993781,-0.089482,-0.021336,0.006803,-0.040013
0.897012,0.346098,0.274930,-0.019604,0.007444,-0.039419
-0.049626,-0.998089,-0.036808,-0.019660,0.005550,-0.039414
0.290073,-0.282509,0.914355,-0.019078,0.005009,-0.037622
0.888273,0.458104,-0.033350,-0.017376,0.005859,-0.037613
0.734333,-0.631166,0.249769,-0.015968,0.004666,-0.037075
0.621384,0.777754,0.094768,-0.014777,0.006111,-0.036829
0.075767,0.263861,0.961580,-0.014608,0.006592,-0.034966
-0.694479,0.502649,0.514823,-0.015874,0.007515,-0.033942
-0.115559,-0.087284,0.989458,-0.016059,0.007339,-0.032040
-0.800076,0.427409,-0.420952,-0.017514,0.008119,-0.032762
0.212892,0.723686,-0.656472,-0.017087,0.009444,-0.033917
-0.105022,0.266351,0.958137,-0.017249,0.009919,-0.032083
-0.228802,-0.761357,0.606617,-0.017640,0.008495,-0.030905
-0.600037,-0.798679,-0.045478,-0.018712,0.007009,-0.030931
-0.193197,-0.189223,0.962741,-0.019033,0.006648,-0.029105
-0.703900,-0.458876,-0.542180,-0.020290,0.005794,-0.030046
-0.868716,-0.389851,0.305531,-0.021844,0.005069,-0.029432
0.869755,0.469487,-0.152013,-0.020214,0.005918,-0.029656
-0.756879,-0.409922,0.509017,-0.021558,0.005160,-0.028673
0.634980,-0.123491,0.762594,-0.020362,0.004925,-0.027231
0.306886,-0.323383,0.895123,-0.019767,0.004328,-0.025554
-0.486131,-0.395122,0.779458,-0.020613,0.003603,-0.024093
0.807414,-0.209026,0.551717,-0.019113,0.003218,-0.023050
-0.762770,-0.271604,-0.586867,-0.020458,0.002721,-0.024070
0.333289,0.842929,-0.422362,-0.019820,0.004238,-0.024789
-0.621432,0.128190,0.772910,-0.020904,0.004461,-0.023351
-0.470455,-0.248413,-0.846737,-0.021712,0.004006,-0.024832
-0.369980,0.244972,-0.896161,-0.022337,0.004439,-0.026397
-0.798946,-0.520609,0.301083,-0.023729,0.003498,-0.025810
-0.559198,0.275495,0.781921,-0.024687,0.003985,-0.024365
0.347613,0.235279,0.907639,-0.024022,0.004398,-0.022701
-0.240137,0.310045,-0.919895,-0.024407,0.004943,-0.024300
0.234545,0.703107,0.671290,-0.023947,0.006185,-0.023062
0.465508,-0.884971,-0.011340,-0.023077,0.004602,-0.023041
0.753749,0.411496,-0.512381,-0.021700,0.005323,-0.023909
-0.720453,0.681919,-0.126230,-0.022937,0.006521,-0.024090
-0.997456,-0.066091,-0.026726,-0.024658,0.006393,-0.024095
-0.945603,0.272979,0.176967,-0.026283,0.006863,-0.023740
0.731644,0.230392,-0.641574,-0.024948,0.007256,-0.024828
-0.667053,-0.114896,-0.736098,-0.026077,0.007042,-0.026078
-0.005707,-0.999903,0.012686,-0.026041,0.005275,-0.026010
0.205766,-0.973924,-0.095566,-0.025635,0.003560,-0.026132
-0.676658,-0.469486,-0.567201,-0.026773,0.002733,-0.027078
-0.685251,-0.254560,-0.682371,-0.027922,0.002284,-0.028221
-0.549741,0.051674,0.833735,-0.028831,0.002370,-0.026720
0.900230,-0.413600,0.136091,-0.027216,0.001647,-0.026436
-0.974882,0.201261,0.095391,-0.028861,0.001993,-0.026225
-0.982699,0.004424,0.185159,-0.030514,0.001998,-0.025859
0.304859,0.619913,0.723027,-0.029934,0.003067,-0.024563
0.594837,-0.801673,0.059077,-0.028855,0.001677,-0.024418
0.278959,0.867243,0.412396,-0.028324,0.003169,-0.023665
0.878485,-0.470859,-0.080964,-0.026763,0.002353,-0.023764
0.329745,0.218350,-0.918472,-0.026151,0.002724,-0.025301
0.016408,-0.999817,-0.009804,-0.026078,0.001005,-0.025275
-0.848236,0.432330,-0.305919,-0.027486,0.001743,-0.025755
-0.046645,0.403428,0.913822,-0.027518,0.002430,-0.024149
0.720981,0.634445,0.278686,-0.026241,0.003508,-0.023632
0.993190,-0.003034,-0.116469,-0.024504,0.003497,-0.023790
0.821057,-0.370981,0.433864,-0.023066,0.002860,-0.023012
0.579749,0.792847,-0.187842,-0.022043,0.004202,-0.023292
0.386623,-0.170784,0.906287,-0.021350,0.003905,-0.021716
-0.815568,-0.319973,0.482147,-0.022694,0.003357,-0.020864
-0.677725,0.730213,-0.086472,-0.023801,0.004585,-0.020975
-0.553332,-0.334473,0.762858,-0.024693,0.004013,-0.019653
0.127867,-0.974315,0.185365,-0.024437,0.002366,-0.019308
0.903452,-0.284479,0.320697,-0.022877,0.001884,-0.018736
-0.464520,0.870216,0.164149,-0.023618,0.003341,-0.018429
0.473394,-0.363956,-0.802143,-0.022786,0.002726,-0.019742
0.915868,-0.392954,-0.082294,-0.021216,0.002064,-0.019847
-0.165664,-0.885108,-0.434901,-0.021457,0.000583,-0.020540
-0.629432,0.743854,0.224714,-0.022470,0.001822,-0.020131
0.554163,0.695113,0.457954,-0.021511,0.002975,-0.019335
-0.553131,-0.749712,-0.363287,-0.022394,0.001725,-0.019907
0.639465,-0.653802,-0.404508,-0.021296,0.000638,-0.020545
0.264651,-0.170423,-0.949166,-0.020823,0.000355,-0.022082
-0.162078,-0.602224,-0.781701,-0.021057,-0.000641,-0.023338
-0.018068,-0.985632,0.167939,-0.021052,-0.002267,-0.023022
0.702066,-0.271926,-0.658148,-0.019860,-0.002711,-0.024068
-0.589229,-0.768192,0.250380,-0.020797,-0.003970,-0.023617
-0.590978,-0.284040,-0.755027,-0.021733,-0.004430,-0.024818
-0.177399,0.432858,-0.883835,-0.021988,-0.003713,-0.026226
0.421121,0.595365,-0.684250,-0.021263,-0.002733,-0.027303
-0.485360,0.557544,-0.673477,-0.022021,-0.001817,-0.028359
0.405672,-0.217254,-0.887824,-0.021324,-0.002169,-0.029761
0.818796,-0.361736,0.445780,-0.019955,-0.002754,-0.028987
0.612753,0.437687,0.658000,-0.018927,-0.002038,-0.027870
-0.326480,0.805179,0.495074,-0.019426,-0.000728,-0.027021
-0.616633,-0.302691,-0.726734,-0.020394,-0.001217,-0.028155
0.147898,-0.438734,0.886363,-0.020121,-0.001925,-0.026675
-0.526563,0.237934,-0.816161,-0.020940,-0.001537,-0.027950
0.867916,0.054920,-0.493666,-0.019506,-0.001446,-0.028701
-0.973079,0.067017,-0.220513,-0.021041,-0.001336,-0.029010
0.338719,-0.933176,-0.120213,-0.020463,-0.002834,-0.029157
0.423292,-0.309807,-0.851377,-0.019751,-0.003327,-0.030477
0.728521,0.518293,-0.447918,-0.018552,-0.002491,-0.031146
-0.559691,-0.584113,-0.587842,-0.019417,-0.003422,-0.032036
-0.005503,-0.978011,-0.208482,-0.019395,-0.004979,-0.032318
-0.332951,0.930052,-0.155395,-0.019895,-0.003487,-0.032515
0.391381,-0.916012,-0.087996,-0.019240,-0.004940,-0.032603
0.893327,0.063892,-0.444842,-0.017790,-0.004831,-0.033258
-0.947955,-0.293682,-0.123016,-0.019266,-0.005289,-0.033401
-0.429750,-0.855685,0.288301,-0.019917,-0.006637,-0.032891
0.686603,0.654347,-0.316869,-0.018799,-0.005591,-0.033340
-0.281578,0.942158,-0.181802,-0.019214,-0.004094,-0.033575
0.171955,-0.216945,0.960920,-0.018912,-0.004430,-0.032006
0.163425,0.193661,-0.967361,-0.018625,-0.004118,-0.033479
-0.953803,0.255598,-0.157890,-0.020096,-0.003709,-0.033675
-0.924313,0.112447,0.364694,-0.021515,-0.003527,-0.033049
-0.365035,-0.088200,-0.926807,-0.022053,-0.003660,-0.034450
0.279763,-0.902506,0.327437,-0.021581,-0.005066,-0.033884
0.318218,-0.215827,-0.923123,-0.021050,-0.005396,-0.035273
-0.368554,-0.849647,0.377184,-0.021592,-0.006713,-0.034630
-0.481446,0.872697,-0.081300,-0.022309,-0.005343,-0.034703
-0.858987,-0.256117,-0.443335,-0.023610,-0.005733,-0.035338
-0.445533,-0.629584,-0.636493,-0.024265,-0.006702,-0.036272
-0.046163,0.937127,0.345921,-0.024299,-0.005238,-0.035679
-0.833273,-0.228570,-0.503401,-0.025551,-0.005584,-0.036403
-0.580295,0.527593,-0.620406,-0.026409,-0.004760,-0.037306
-0.314856,0.948839,0.023875,-0.026854,-0.003288,-0.037211
-0.722428,0.521356,0.454186,-0.027926,-0.002480,-0.036454
0.612946,0.645065,-0.456276,-0.026940,-0.001484,-0.037100
0.121439,0.820618,0.558425,-0.026712,-0.000221,-0.036185
-0.945920,0.285275,0.154443,-0.028121,0.000217,-0.035893
-0.777186,0.622486,0.092157,-0.029269,0.001170,-0.035697
0.355563,-0.077364,0.931445,-0.028680,0.001050,-0.034218
-0.294033,-0.589631,-0.752250,-0.029085,0.000148,-0.035314
0.890517,-0.138597,-0.433325,-0.027683,-0.000064,-0.035921
-0.352065,0.462318,0.813826,-0.028177,0.000640,-0.034628
-0.803940,0.542876,-0.242831,-0.029356,0.001464,-0.034944
-0.013197,-0.827900,0.560721,-0.029332,0.000206,-0.034040
-0.478033,-0.849319,-0.223924,-0.030012,-0.001081,-0.034328
-0.789973,0.588674,-0.171478,-0.031161,-0.000189,-0.034535
-0.608973,0.116326,-0.784614,-0.032034,-0.000013,-0.035668
-0.721367,0.150429,0.676018,-0.033074,0.000214,-0.034595
0.156003,-0.034659,-0.987148,-0.032789,0.000161,-0.036029
-0.370578,-0.717008,-0.590399,-0.033297,-0.000917,-0.036863
0.311496,-0.019233,0.950053,-0.032779,-0.000945,-0.035381
-0.750807,0.099591,0.652971,-0.033856,-0.000794,-0.034349
0.790773,-0.540448,-0.287392,-0.032621,-0.001602,-0.034728
-0.969517,0.018310,-0.244338,-0.034022,-0.001572,-0.035041
0.219256,0.297759,0.929121,-0.033644,-0.001125,-0.033602
0.563077,-0.218989,-0.796861,-0.032754,-0.001450,-0.034740
0.097674,0.544969,-0.832748,-0.032560,-0.000637,-0.035927
-0.696459,-0.266467,0.666289,-0.033547,-0.001032,-0.034884
-0.244389,-0.880002,0.407272,-0.033860,-0.002336,-0.034228
-0.121866,-0.715837,0.687550,-0.033990,-0.003393,-0.033159
0.020549,-0.928303,-0.371257,-0.033909,-0.004761,-0.033659
-0.016384,0.972397,0.232758,-0.033883,-0.003318,-0.033265
-0.999408,-0.033405,0.008245,-0.035307,-0.003362,-0.033204
0.220486,-0.626854,0.747288,-0.034931,-0.004281,-0.032054
-0.579903,-0.568113,-0.583917,-0.035732,-0.005110,-0.032866
-0.909873,-0.368188,0.191229,-0.037016,-0.005643,-0.032537
-0.970905,0.238322,0.023351,-0.038385,-0.005285,-0.032455
-0.226848,0.675494,-0.701604,-0.038661,-0.004288,-0.033435
0.150489,-0.981416,0.119058,-0.038385,-0.005717,-0.033212
-0.294239,-0.891205,-0.345220,-0.038758,-0.007010,-0.033667
-0.281483,0.957476,-0.063305,-0.039112,-0.005604,-0.033710
0.146990,-0.451398,0.880133,-0.038841,-0.006253,-0.032380
0.692630,-0.060019,-0.718791,-0.037778,-0.006331,-0.033378
-0.096418,0.510203,0.854632,-0.037863,-0.005581,-0.032089
-0.074094,0.917102,-0.391706,-0.037915,-0.004244,-0.032610
0.163230,-0.943007,0.289990,-0.037624,-0.005602,-0.032143
0.516857,0.806706,-0.286502,-0.036823,-0.004429,-0.032511
0.634146,-0.128684,-0.762430,-0.035855,-0.004608,-0.033564
-0.146991,0.926359,-0.346774,-0.036015,-0.003266,-0.034016
0.530462,0.625405,0.572257,-0.035200,-0.002362,-0.033143
-0.611497,-0.376672,-0.695837,-0.036028,-0.002900,-0.034095
-0.778577,0.621211,-0.088960,-0.037093,-0.002004,-0.034174
0.557604,-0.129198,0.819991,-0.036241,-0.002186,-0.032950
0.595544,0.053244,-0.801556,-0.035337,-0.002107,-0.034050
0.794291,0.501361,-0.343131,-0.034152,-0.001388,-0.034492
0.332119,0.812774,0.478640,-0.033630,-0.000226,-0.033760
-0.124169,0.853272,-0.506466,-0.033759,0.000989,-0.034433
-0.946774,0.252092,-0.200171,-0.035057,0.001347,-0.034669
-0.347867,-0.394237,-0.850627,-0.035502,0.000785,-0.035828
-0.181009,0.171289,-0.968450,-0.035708,0.001027,-0.037151
0.638672,0.718103,0.276452,-0.034753,0.002042,-0.036706
-0.230087,0.552187,-0.801342,-0.035029,0.002820,-0.037788
-0.067429,-0.322169,-0.944278,-0.035075,0.002361,-0.039068
0.907254,0.025500,-0.419809,-0.033746,0.002394,-0.039605
-0.479810,0.008467,0.877332,-0.034374,0.002402,-0.038314
0.685938,-0.717541,0.120926,-0.033361,0.001390,-0.038090
0.209695,-0.290393,-0.933649,-0.033020,0.000980,-0.039348
0.076916,0.978230,-0.192742,-0.032866,0.002351,-0.039563
-0.873833,-0.461094,-0.154297,-0.034043,0.001702,-0.039723
0.540627,-0.132493,-0.830764,-0.033240,0.001514,-0.040830
0.064177,-0.424147,0.903316,-0.033104,0.000919,-0.039511
0.182631,0.449934,0.874188,-0.032803,0.001546,-0.038237
-0.285117,0.923769,0.255653,-0.033154,0.002830,-0.037828
-0.369119,0.312809,-0.875158,-0.033621,0.003261,-0.038992
-0.767675,0.612844,-0.187343,-0.034641,0.004108,-0.039198
0.871498,-0.325916,-0.366428,-0.033384,0.003650,-0.039652
-0.855961,0.326178,0.401173,-0.034523,0.004097,-0.039041
0.410206,0.184868,0.893059,-0.033908,0.004347,-0.037752
0.983909,-0.043532,-0.173285,-0.032502,0.004281,-0.037939
0.037495,-0.274606,-0.960826,-0.032406,0.003896,-0.039212
-0.837471,0.395231,0.377405,-0.033515,0.004435,-0.038639
0.739323,-0.436971,-0.512307,-0.032452,0.003828,-0.039290
0.943310,0.116328,0.310861,-0.031111,0.003983,-0.038809
-0.709954,-0.703120,0.039847,-0.032043,0.003013,-0.038701
-0.519856,0.197976,0.830996,-0.032711,0.003280,-0.037510
-0.652415,0.671832,-0.350710,-0.033559,0.004194,-0.037938
0.636616,0.321114,-0.701146,-0.032643,0.004627,-0.038844
-0.698329,-0.210238,-0.684205,-0.033551,0.004334,-0.039725
0.614756,-0.046189,0.787363,-0.032668,0.004265,-0.038598
0.380901,-0.787505,0.484511,-0.032105,0.003188,-0.037886
0.703628,-0.690765,-0.166586,-0.031106,0.002245,-0.038061
-0.277729,-0.685909,-0.672603,-0.031440,0.001311,-0.038922
-0.443995,0.606479,0.659584,-0.031999,0.002131,-0.037976
-0.701342,0.179669,0.689811,-0.032905,0.002372,-0.036991
-0.539735,-0.832941,0.122045,-0.033590,0.001243,-0.036776
-0.483108,-0.013786,-0.875452,-0.034197,0.001223,-0.037908
0.821028,0.541101,0.181999,-0.033044,0.001950,-0.037611
0.900577,-0.406136,-0.154966,-0.031787,0.001401,-0.037769
-0.231988,0.447231,-0.863809,-0.032057,0.002000,-0.038879
0.525130,0.635887,0.565584,-0.031309,0.002851,-0.038068
0.399876,-0.373646,0.836951,-0.030731,0.002346,-0.036895
-0.760706,0.637695,-0.121124,-0.031708,0.003197,-0.037008
0.988608,-0.056426,-0.139534,-0.030344,0.003117,-0.037145
-0.520348,0.655270,-0.547594,-0.030998,0.003988,-0.037827
0.027639,0.764475,-0.644061,-0.030920,0.005002,-0.038635
-0.545207,-0.822447,0.162268,-0.031605,0.003900,-0.038367
0.718656,0.234808,-0.654522,-0.030607,0.004207,-0.039187
-0.953711,-0.020238,0.300042,-0.031833,0.004175,-0.038736
-0.611787,-0.517248,-0.598474,-0.032602,0.003483,-0.039479
-0.459442,-0.013798,-0.888101,-0.033167,0.003460,-0.040603
0.601040,-0.760955,-0.244334,-0.032328,0.002449,-0.040872
-0.647495,0.412654,0.640677,-0.033141,0.002991,-0.039972
-0.797387,-0.598851,0.074510,-0.034149,0.002197,-0.039821
0.568393,-0.585639,-0.577890,-0.033355,0.001422,-0.040530
-0.860072,0.193026,0.472247,-0.034443,0.001675,-0.039855
0.092554,-0.647918,-0.756066,-0.034276,0.000821,-0.040796
0.626733,0.731550,-0.268404,-0.033409,0.001780,-0.041095
-0.277467,0.866581,0.414789,-0.033729,0.002913,-0.040497
-0.353352,-0.635962,0.686072,-0.034147,0.002077,-0.039546
0.320905,0.584184,-0.745486,-0.033683,0.002838,-0.040469
-0.400983,-0.380279,0.833427,-0.034163,0.002338,-0.039328
0.290201,0.149162,0.945269,-0.033740,0.002529,-0.038044
-0.418639,0.300932,0.856844,-0.034241,0.002918,-0.036879
0.656746,-0.753611,-0.027488,-0.033342,0.001934,-0.036867
-0.332391,0.140415,-0.932631,-0.033731,0.002114,-0.038030
-0.429789,-0.763852,-0.481468,-0.034244,0.001120,-0.038605
-0.136793,-0.903475,0.406227,-0.034377,-0.000051,-0.038029
-0.232846,-0.924689,-0.301220,-0.034634,-0.001247,-0.038370
-0.663593,-0.417497,-0.620758,-0.035447,-0.001785,-0.039122
0.216984,0.414393,-0.883853,-0.035121,-0.001248,-0.040212
-0.001534,0.326826,0.945083,-0.035078,-0.000825,-0.038942
0.093987,0.558967,-0.823846,-0.034911,-0.000105,-0.039953
-0.629963,0.303428,-0.714898,-0.035676,0.000285,-0.040820
0.953337,-0.264726,0.145150,-0.034407,-0.000055,-0.040581
-0.382008,0.172340,-0.907947,-0.034852,0.000166,-0.041693
0.604067,0.789934,0.105390,-0.034034,0.001177,-0.041505
-0.560791,0.347067,0.751703,-0.034708,0.001619,-0.040491
-0.060353,0.885567,0.460574,-0.034741,0.002748,-0.039851
0.233712,0.899891,-0.368204,-0.034398,0.003893,-0.040270
-0.227417,0.972862,0.042679,-0.034644,0.005127,-0.040164
0.997008,0.063430,0.044188,-0.033332,0.005201,-0.040057
0.103841,0.006682,-0.994572,-0.033157,0.005203,-0.041270
0.319756,0.749688,0.579416,-0.032709,0.006148,-0.040482
0.798214,-0.211815,-0.563905,-0.031656,0.005872,-0.041145
0.284990,0.914104,0.288433,-0.031255,0.007021,-0.040728
-0.443526,-0.660031,0.606337,-0.031777,0.006178,-0.039910
0.254011,-0.948906,-0.187231,-0.031416,0.004972,-0.040096
0.091402,-0.431947,-0.897256,-0.031261,0.004421,-0.041177
-0.365294,-0.251633,-0.896237,-0.031682,0.004099,-0.042254
0.019238,-0.991518,0.128538,-0.031618,0.002846,-0.042039
-0.084117,-0.985863,0.144906,-0.031683,0.001604,-0.041804
-0.857636,-0.470180,0.208305,-0.032720,0.001012,-0.041490
-0.336147,0.785172,-0.520105,-0.033100,0.001995,-0.042090
-0.550343,-0.329375,-0.767225,-0.033747,0.001580,-0.042998
-0.971782,0.117376,0.204605,-0.034920,0.001725,-0.042688
-0.038175,0.898688,-0.436923,-0.034924,0.002845,-0.043180
-0.072368,-0.895067,-0.440020,-0.034971,0.001725,-0.043675
0.278338,-0.056456,-0.958822,-0.034581,0.001653,-0.044815
-0.910343,-0.371060,0.183278,-0.035670,0.001189,-0.044531
-0.399370,-0.636715,-0.659619,-0.036122,0.000397,-0.045295
0.885526,-0.453982,0.098710,-0.034978,-0.000167,-0.045117
-0.356434,-0.930643,-0.082812,-0.035376,-0.001320,-0.045163
0.337727,0.389664,-0.856798,-0.034915,-0.000836,-0.046168
-0.065415,0.997682,0.018756,-0.034952,0.000398,-0.046088
-0.573724,0.759590,0.306373,-0.035618,0.001335,-0.045652
0.463928,0.101708,-0.880015,-0.035002,0.001459,-0.046681
0.729766,-0.332822,0.597219,-0.034060,0.001047,-0.045888
-0.390543,0.185274,0.901748,-0.034498,0.001274,-0.044723
0.692612,-0.161392,0.703023,-0.033605,0.001074,-0.043804
0.440803,-0.867809,-0.229349,-0.033023,0.000008,-0.044032
-0.365306,0.459397,0.809633,-0.033430,0.000571,-0.042986
0.395137,-0.006496,-0.918599,-0.032906,0.000562,-0.044057
-0.845865,0.372262,0.382013,-0.033899,0.001017,-0.043536
-0.770816,-0.537979,-0.341205,-0.034799,0.000359,-0.043900
-0.689278,0.287515,0.665005,-0.035597,0.000709,-0.043035
0.948531,0.185273,0.256831,-0.034399,0.000934,-0.042670
0.751264,-0.501353,0.429241,-0.033443,0.000323,-0.042096
0.801950,-0.079459,-0.592084,-0.032428,0.000226,-0.042764
-0.291149,0.414075,0.862423,-0.032742,0.000728,-0.041666
0.071099,-0.392886,0.916835,-0.032616,0.000251,-0.040504
0.530797,-0.150858,-0.833964,-0.031934,0.000068,-0.041465
0.114070,-0.992381,-0.046569,-0.031757,-0.001132,-0.041471
-0.192259,0.745221,0.638500,-0.031951,-0.000231,-0.040649
0.452445,0.092170,-0.887017,-0.031367,-0.000119,-0.041670
0.996951,0.025551,-0.073734,-0.030128,-0.000088,-0.041709
0.767670,0.516973,0.378711,-0.029168,0.000534,-0.041203
-0.414069,0.354624,-0.838325,-0.029630,0.000959,-0.042161
0.018293,-0.291027,-0.956540,-0.029573,0.000609,-0.043259
0.132247,-0.989303,-0.061561,-0.029379,-0.000578,-0.043281
-0.487240,0.214906,0.846412,-0.029927,-0.000320,-0.042215
-0.925396,-0.353290,-0.137218,-0.030998,-0.000742,-0.042329
0.060860,0.313658,-0.947584,-0.030889,-0.000367,-0.043411
0.439304,0.732129,0.520575,-0.030327,0.000508,-0.042738
-0.659784,-0.724586,-0.199150,-0.031078,-0.000357,-0.042924
0.525754,-0.073680,0.847440,-0.030415,-0.000444,-0.041864
-0.627964,0.622321,0.467309,-0.031125,0.000297,-0.041259
0.747381,0.403653,0.527717,-0.030201,0.000776,-0.040583
-0.471536,-0.730747,0.493622,-0.030724,-0.000092,-0.039949
0.658004,-0.308053,-0.687120,-0.029908,-0.000457,-0.040716
0.732919,-0.090895,-0.674217,-0.029005,-0.000564,-0.041466
0.386450,0.282020,-0.878135,-0.028514,-0.000230,-0.042455
-0.927019,-0.282675,-0.246436,-0.029575,-0.000564,-0.042695
0.796237,0.326727,-0.509172,-0.028601,-0.000178,-0.043245
0.156679,0.261153,-0.952497,-0.028383,0.000130,-0.044316
0.724302,0.652416,-0.223025,-0.027498,0.000898,-0.044527
-0.065958,0.997273,0.033117,-0.027543,0.002068,-0.044435
0.988075,-0.039419,-0.148845,-0.026351,0.002020,-0.044558
-0.196486,-0.371203,-0.907525,-0.026550,0.001582,-0.045570
-0.458160,0.592176,0.662885,-0.027056,0.002274,-0.044740
-0.364616,0.730528,-0.577394,-0.027450,0.003126,-0.045363
0.250266,-0.446377,-0.859136,-0.027126,0.002600,-0.046314
0.285080,-0.052280,-0.957077,-0.026762,0.002536,-0.047377
-0.319599,0.650880,-0.688631,-0.027103,0.003292,-0.048124
0.760975,-0.611803,-0.215904,-0.026186,0.002576,-0.048319
-0.470276,-0.881022,0.051400,-0.026702,0.001549,-0.048203
0.162166,-0.196775,-0.966945,-0.026483,0.001318,-0.049270
-0.596221,0.797829,0.089383,-0.027144,0.002242,-0.049109
-0.406859,0.623609,-0.667516,-0.027584,0.002962,-0.049826
-0.341675,0.644659,-0.683866,-0.027947,0.003705,-0.050560
-0.420124,-0.677521,-0.603705,-0.028400,0.002917,-0.051199
0.719220,0.675097,0.164218,-0.027537,0.003694,-0.050951
-0.578968,-0.770567,-0.266499,-0.028173,0.002801,-0.051199
-0.858553,0.481615,0.175883,-0.029130,0.003352,-0.050938
0.045248,-0.892825,-0.448124,-0.029044,0.002321,-0.051395
0.810701,-0.195783,0.551754,-0.028079,0.002093,-0.050701
0.311680,0.319165,0.894980,-0.027689,0.002457,-0.049616
0.677233,-0.672743,0.297947,-0.026881,0.001683,-0.049217
-0.074786,0.844160,0.530849,-0.026935,0.002648,-0.048553
-0.487397,-0.829961,0.271309,-0.027462,0.001695,-0.048187
0.203593,0.847588,-0.490046,-0.027198,0.002662,-0.048692
0.174193,-0.930608,0.321910,-0.026968,0.001597,-0.048269
0.633869,-0.760052,0.143287,-0.026215,0.000728,-0.048050
0.940170,-0.198149,0.277158,-0.025114,0.000502,-0.047680
0.408590,-0.837511,-0.362807,-0.024621,-0.000452,-0.048038
0.658297,-0.569024,0.492805,-0.023845,-0.001098,-0.047424
-0.972140,0.230790,0.040993,-0.024921,-0.000835,-0.047323
-0.131812,0.508240,0.851069,-0.025042,-0.000257,-0.046305
0.051276,0.128111,0.990433,-0.024956,-0.000112,-0.045131
-0.513446,0.069855,0.855274,-0.025508,-0.000033,-0.044112
0.192990,0.788257,-0.584300,-0.025262,0.000858,-0.044722
0.639896,-0.732734,0.231591,-0.024511,0.000030,-0.044411
-0.357575,0.615773,0.702113,-0.024886,0.000724,-0.043569
-0.081547,0.815649,-0.572771,-0.024950,0.001642,-0.044165
-0.145230,-0.179858,0.972913,-0.025085,0.001438,-0.043021
-0.826730,-0.031724,0.561704,-0.025986,0.001400,-0.042341
0.387975,-0.914801,0.112316,-0.025521,0.000372,-0.042168
-0.518810,-0.168901,0.838038,-0.026075,0.000182,-0.041181
-0.091394,-0.802020,0.590264,-0.026148,-0.000716,-0.040474
-0.350800,-0.435215,0.829173,-0.026511,-0.001202,-0.039501
0.818888,-0.374155,-0.435237,-0.025566,-0.001619,-0.039943
0.063806,-0.994105,-0.087658,-0.025466,-0.002726,-0.039997
0.759690,0.305696,-0.573953,-0.024591,-0.002383,-0.040592
-0.652675,0.225771,0.723216,-0.025291,-0.002129,-0.039741
0.729791,0.668772,0.141951,-0.024451,-0.001382,-0.039539
0.487445,-0.656464,-0.575719,-0.023882,-0.002110,-0.040135
0.617527,0.659939,0.427951,-0.023170,-0.001375,-0.039615
-0.652058,-0.024580,-0.757770,-0.023867,-0.001401,-0.040412
-0.753300,-0.011478,-0.657577,-0.024675,-0.001412,-0.041095
-0.570682,-0.684643,0.453415,-0.025279,-0.002168,-0.040548
-0.246451,-0.437891,-0.864588,-0.025523,-0.002649,-0.041459
0.407083,-0.858272,-0.312495,-0.025046,-0.003594,-0.041758
0.926564,-0.134028,0.351447,-0.023997,-0.003738,-0.041324
0.707801,-0.139201,-0.692561,-0.023191,-0.003887,-0.042041
0.150758,-0.295495,0.943374,-0.022999,-0.004208,-0.040957
-0.859537,0.498511,-0.112617,-0.023919,-0.003655,-0.041036
0.446164,0.892146,0.070805,-0.023403,-0.002672,-0.040913
-0.717042,-0.158965,-0.678662,-0.024163,-0.002843,-0.041613
-0.978138,0.164220,-0.127586,-0.025208,-0.002660,-0.041707
0.328496,0.375255,-0.866760,-0.024821,-0.002247,-0.042609
-0.619985,0.127541,-0.774178,-0.025472,-0.002105,-0.043409
-0.912719,-0.373502,0.165654,-0.026440,-0.002510,-0.043181
-0.913717,0.259112,0.313020,-0.027408,-0.002225,-0.042792
0.305554,-0.926652,-0.218981,-0.027045,-0.003232,-0.042984
0.834423,-0.527124,0.160870,-0.026108,-0.003802,-0.042762
0.964576,0.243119,-0.102406,-0.025031,-0.003534,-0.042827
-0.087366,0.586024,-0.805570,-0.025099,-0.002894,-0.043655
-0.023002,-0.636022,-0.771328,-0.025096,-0.003580,-0.044445
0.951452,0.307569,0.011873,-0.024038,-0.003243,-0.044384
0.618110,0.291468,-0.730059,-0.023343,-0.002924,-0.045126
0.190298,0.525375,0.829318,-0.023112,-0.002353,-0.044180
-0.745745,-0.067602,0.662793,-0.023893,-0.002424,-0.043417
0.340103,0.064544,0.938171,-0.023500,-0.002351,-0.042358
-0.393308,0.056255,0.917684,-0.023899,-0.002288,-0.041323
-0.988153,-0.085940,-0.127154,-0.024936,-0.002378,-0.041416
0.915778,0.394083,-0.077781,-0.023925,-0.001952,-0.041455
-0.326402,0.872345,0.363971,-0.024250,-0.001013,-0.041019
-0.651926,-0.187586,0.734713,-0.024923,-0.001213,-0.040187
-0.811207,0.093111,-0.577298,-0.025766,-0.001112,-0.040763
-0.272533,0.785205,0.556038,-0.026030,-0.000270,-0.040124
0.512097,-0.566818,-0.645349,-0.025455,-0.000876,-0.040771
0.410321,0.075158,0.908839,-0.024989,-0.000795,-0.039757
-0.675757,0.516582,-0.525828,-0.025684,-0.000243,-0.040275
-0.350823,0.011127,0.936376,-0.026030,-0.000231,-0.039234
-0.517361,-0.810736,0.273944,-0.026554,-0.001094,-0.038901
0.846103,0.533017,0.001344,-0.025625,-0.000525,-0.038858
0.490259,-0.567917,0.661148,-0.025077,-0.001128,-0.038114
0.696610,0.524909,-0.489086,-0.024311,-0.000570,-0.038593
0.190674,-0.751098,-0.632057,-0.024083,-0.001366,-0.039222
0.800989,0.306928,-0.514015,-0.023209,-0.001039,-0.039725
0.187111,-0.923108,0.335949,-0.022986,-0.002015,-0.039327
-0.723789,-0.334883,-0.603310,-0.023727,-0.002367,-0.039924
0.251719,-0.723326,-0.642991,-0.023436,-0.003128,-0.040560
0.192374,-0.256347,-0.947248,-0.023209,-0.003395,-0.041517
0.694908,0.673572,-0.251800,-0.022452,-0.002682,-0.041738
-0.511764,-0.162057,-0.843703,-0.022967,-0.002850,-0.042583
-0.405056,0.494942,-0.768741,-0.023369,-0.002326,-0.043346
-0.036571,-0.080844,0.996056,-0.023383,-0.002409,-0.042254
-0.554701,-0.808678,0.195824,-0.023940,-0.003255,-0.042005
0.779715,-0.608293,0.148403,-0.023098,-0.003889,-0.041805
-0.721925,0.638629,0.266417,-0.023829,-0.003216,-0.041482
-0.371816,-0.918937,0.131556,-0.024193,-0.004174,-0.041301
-0.731956,0.366024,-0.574689,-0.024933,-0.003787,-0.041859
0.263921,0.954520,-0.138695,-0.024632,-0.002787,-0.041960
-0.453943,-0.172941,-0.874086,-0.025079,-0.002964,-0.042827
-0.123484,0.908047,0.400254,-0.025182,-0.002015,-0.042366
0.639119,0.762813,0.098199,-0.024490,-0.001220,-0.042220
0.773289,0.139868,0.618434,-0.023661,-0.001073,-0.041533
0.486998,-0.821037,0.297877,-0.023131,-0.001924,-0.041180
0.065873,-0.797989,-0.599062,-0.023039,-0.002750,-0.041759
-0.938758,0.343730,-0.024145,-0.023987,-0.002391,-0.041741
-0.212926,0.702290,-0.679302,-0.024183,-0.001662,-0.042401
-0.664006,0.007903,0.747686,-0.024845,-0.001652,-0.041584
-0.482233,0.727282,0.488377,-0.025317,-0.000899,-0.041036
0.113578,0.983119,-0.143444,-0.025174,0.000117,-0.041142
-0.219468,-0.804978,0.551220,-0.025374,-0.000713,-0.040531
0.688102,-0.200979,0.697225,-0.024639,-0.000919,-0.039771
-0.687103,0.712899,0.140232,-0.025321,-0.000185,-0.039586
0.102796,-0.985002,-0.138580,-0.025189,-0.001197,-0.039688
-0.555650,-0.609401,-0.565582,-0.025734,-0.001822,-0.040228
-0.063318,0.980947,-0.183667,-0.025772,-0.000814,-0.040375
-0.671560,0.386907,0.631910,-0.026434,-0.000416,-0.039686
0.415511,-0.773729,0.478220,-0.025982,-0.001208,-0.039156
0.467836,0.275493,-0.839781,-0.025477,-0.000925,-0.039975
0.299188,-0.755452,-0.582905,-0.025145,-0.001696,-0.040529
0.573668,0.750578,0.327929,-0.024534,-0.000928,-0.040153
-0.478917,0.465030,-0.744571,-0.024997,-0.000453,-0.040871
-0.003689,-0.250049,0.968226,-0.024976,-0.000707,-0.039844
0.736519,-0.631710,-0.241830,-0.024201,-0.001349,-0.040049
0.018063,0.919934,-0.391656,-0.024158,-0.000413,-0.040407
0.751720,-0.141075,-0.644217,-0.023370,-0.000556,-0.041020
0.184787,-0.333271,0.924546,-0.023159,-0.000893,-0.040040
-0.440136,0.807972,-0.391741,-0.023582,-0.000074,-0.040397
0.870963,0.463817,-0.162162,-0.022676,0.000396,-0.040520
-0.969209,0.204422,0.137279,-0.023633,0.000602,-0.040340
0.249132,-0.242337,-0.937660,-0.023358,0.000357,-0.041247
-0.392361,0.402763,0.826943,-0.023730,0.000763,-0.040371
-0.694342,-0.717868,-0.050543,-0.024406,0.000038,-0.040381
-0.375704,-0.568919,-0.731558,-0.024760,-0.000535,-0.041077
-0.660606,0.709458,-0.245499,-0.025400,0.000180,-0.041282
-0.534314,0.784066,-0.315829,-0.025911,0.000968,-0.041558
0.212238,-0.764459,0.608734,-0.025672,0.000199,-0.040905
0.920854,-0.150794,0.359569,-0.024723,0.000048,-0.040504
0.783148,0.528648,0.327431,-0.023913,0.000577,-0.040135
-0.272397,-0.160862,-0.948643,-0.024162,0.000416,-0.041045
0.019733,0.998145,0.057598,-0.024118,0.001413,-0.040946
0.014111,-0.947366,0.319841,-0.024080,0.000466,-0.040585
-0.383261,-0.878507,0.285196,-0.024438,-0.000412,-0.040260
0.209941,0.065909,-0.975490,-0.024205,-0.000346,-0.041193
-0.026386,0.088984,0.995684,-0.024207,-0.000257,-0.040160
-0.958283,0.000248,-0.285821,-0.025136,-0.000256,-0.040404
-0.575322,0.254158,0.777437,-0.025683,-0.000003,-0.039592
0.804456,-0.360526,-0.472093,-0.024859,-0.000361,-0.040021
-0.566636,-0.823919,0.009052,-0.025396,-0.001178,-0.039972
0.901758,-0.262700,0.343252,-0.024477,-0.001437,-0.039593
-0.555881,0.825881,0.094425,-0.025003,-0.000618,-0.039460
0.528567,-0.848769,0.014424,-0.024456,-0.001457,-0.039407
-0.788207,0.048894,0.613464,-0.025211,-0.001407,-0.038761
0.503750,0.423084,0.753151,-0.024688,-0.000988,-0.037980
-0.502620,-0.296502,-0.812071,-0.025160,-0.001280,-0.038743
0.038696,-0.419706,-0.906835,-0.025097,-0.001692,-0.039598
-0.279563,-0.924748,-0.258236,-0.025347,-0.002601,-0.039814
-0.578147,-0.804340,0.137055,-0.025891,-0.003389,-0.039640
-0.989983,0.100910,-0.098748,-0.026838,-0.003287,-0.039698
-0.030644,-0.609761,-0.791993,-0.026842,-0.003882,-0.040436
-0.480737,-0.623572,0.616482,-0.027287,-0.004489,-0.039792
0.245867,0.962168,0.117399,-0.027019,-0.003542,-0.039638
0.800742,0.588149,0.113550,-0.026209,-0.002963,-0.039488
0.252049,-0.922256,0.293112,-0.025937,-0.003862,-0.039163
0.778941,0.198274,0.594927,-0.025151,-0.003665,-0.038544
-0.962184,-0.211392,-0.171801,-0.026065,-0.003867,-0.038674
-0.001055,0.995542,-0.094310,-0.026041,-0.002893,-0.038728
-0.602092,0.418664,0.679858,-0.026602,-0.002483,-0.038028
-0.600822,0.235437,0.763926,-0.027160,-0.002251,-0.037248
0.424985,0.777074,-0.464268,-0.026721,-0.001494,-0.037663
-0.777209,0.623963,-0.081342,-0.027450,-0.000887,-0.037706
0.828027,0.560687,0.001321,-0.026620,-0.000342,-0.037668
0.003037,-0.986895,0.161333,-0.026591,-0.001298,-0.037475
-0.547696,-0.559622,0.621975,-0.027096,-0.001839,-0.036836
0.295078,-0.950839,0.093985,-0.026784,-0.002756,-0.036710
0.190278,-0.115757,-0.974882,-0.026574,-0.002866,-0.037616
-0.954212,0.012708,0.298861,-0.027470,-0.002850,-0.037292
0.783100,-0.563690,0.262694,-0.026688,-0.003391,-0.037002
-0.745390,-0.657606,0.109303,-0.027381,-0.004022,-0.036861
0.496671,0.390893,0.774933,-0.026876,-0.003641,-0.036080
0.796617,0.264159,0.543710,-0.026084,-0.003384,-0.035523
-0.432638,-0.018634,-0.901375,-0.026475,-0.003399,-0.036354
-0.636023,-0.018783,-0.771442,-0.027060,-0.003413,-0.037060
0.066741,0.553376,0.830254,-0.026970,-0.002880,-0.036228
0.386724,-0.772409,-0.503815,-0.026574,-0.003617,-0.036676
0.192211,-0.531379,0.825040,-0.026364,-0.004122,-0.035851
0.308287,-0.227215,-0.923760,-0.026044,-0.004335,-0.036700
-0.852673,0.083081,-0.515796,-0.026834,-0.004251,-0.037158
-0.911005,0.348842,0.219953,-0.027678,-0.003915,-0.036913
-0.866519,-0.331009,0.373601,-0.028477,-0.004226,-0.036521
-0.827942,0.206551,0.521391,-0.029239,-0.004026,-0.035990
0.056473,-0.737867,-0.672579,-0.029157,-0.004724,-0.036596
-0.897018,-0.043328,0.439865,-0.029982,-0.004761,-0.036143
-0.129800,0.497539,0.857675,-0.030077,-0.004284,-0.035294
0.874465,-0.100347,-0.474597,-0.029219,-0.004375,-0.035711
-0.293848,0.945112,-0.142885,-0.029469,-0.003475,-0.035812
-0.885810,0.281735,0.368735,-0.030280,-0.003205,-0.035429
-0.067240,-0.835588,-0.545227,-0.030315,-0.003992,-0.035911
-0.178229,0.983564,0.028912,-0.030455,-0.003059,-0.035850
0.991725,0.111402,0.063803,-0.029490,-0.002951,-0.035756
0.329991,-0.926793,-0.179333,-0.029151,-0.003822,-0.035892
0.477423,0.426789,-0.768061,-0.028673,-0.003416,-0.036582
0.973509,-0.222550,-0.052457,-0.027730,-0.003623,-0.036597
0.688487,0.623550,-0.370367,-0.027056,-0.003033,-0.036911
-0.868449,0.433676,-0.240254,-0.027847,-0.002622,-0.037102
-0.926260,0.164075,-0.339297,-0.028690,-0.002466,-0.037385
0.957979,-0.011766,0.286597,-0.027765,-0.002474,-0.037081
0.643393,0.094067,0.759735,-0.027136,-0.002384,-0.036335
-0.654713,0.449290,0.607856,-0.027723,-0.001961,-0.035732
-0.986029,0.157248,0.054944,-0.028620,-0.001812,-0.035647
-0.397144,0.509766,-0.763162,-0.028964,-0.001334,-0.036327
0.620750,-0.750441,0.226952,-0.028357,-0.002033,-0.036081
-0.274137,-0.958266,-0.081088,-0.028587,-0.002925,-0.036123
-0.135061,0.794275,0.592355,-0.028686,-0.002182,-0.035537
0.606516,0.186730,-0.772833,-0.028095,-0.002007,-0.036224
-0.922097,-0.289054,0.257263,-0.028926,-0.002274,-0.035951
-0.675136,0.487934,0.553273,-0.029527,-0.001818,-0.035403
0.552253,0.832973,0.034256,-0.028987,-0.001043,-0.035338
-0.563915,-0.648783,0.510960,-0.029483,-0.001644,-0.034832
0.991595,0.127447,-0.022299,-0.028536,-0.001524,-0.034820
-0.367029,0.462957,0.806822,-0.028850,-0.001094,-0.034041
-0.734462,0.283693,-0.616509,-0.029503,-0.000831,-0.034579
0.633756,0.587385,0.503320,-0.028890,-0.000287,-0.034082
0.572350,-0.544646,-0.613006,-0.028334,-0.000790,-0.034617
-0.735139,-0.602985,0.309805,-0.028987,-0.001345,-0.034299
-0.469025,0.314082,0.825450,-0.029392,-0.001054,-0.033507
-0.620742,-0.333250,-0.709664,-0.029937,-0.001360,-0.034129
-0.685593,0.057529,0.725709,-0.030540,-0.001306,-0.033430
-0.874366,0.422614,-0.238500,-0.031315,-0.000916,-0.033619
-0.798264,-0.379282,0.467889,-0.032020,-0.001264,-0.033158
-0.976358,-0.183245,0.114662,-0.032886,-0.001431,-0.033023
-0.622602,-0.108727,-0.774948,-0.033427,-0.001529,-0.033703
0.793699,-0.603393,0.077190,-0.032669,-0.002080,-0.033601
-0.260419,-0.892483,0.368314,-0.032877,-0.002895,-0.033233
0.471896,0.176849,0.863735,-0.032416,-0.002731,-0.032414
0.994637,-0.095650,0.039337,-0.031478,-0.002816,-0.032348
0.453943,-0.399031,0.796687,-0.031035,-0.003177,-0.031592
0.541676,0.267272,0.796965,-0.030513,-0.002931,-0.030836
0.557295,0.234916,-0.796390,-0.029978,-0.002714,-0.031534
0.036828,-0.562406,-0.826040,-0.029917,-0.003223,-0.032256
0.498565,0.365516,0.786022,-0.029437,-0.002888,-0.031513
0.897693,-0.435221,-0.068773,-0.028594,-0.003281,-0.031546
0.968080,-0.224165,0.112120,-0.027690,-0.003481,-0.031416
0.569430,-0.580722,0.581817,-0.027149,-0.004004,-0.030860
-0.423877,0.267754,0.865237,-0.027508,-0.003758,-0.030048
-0.597951,-0.785401,0.159998,-0.028024,-0.004466,-0.029876
0.532360,0.150681,-0.833000,-0.027518,-0.004325,-0.030603
-0.002497,-0.986735,-0.162323,-0.027495,-0.005213,-0.030722
0.924124,-0.338142,-0.177916,-0.026636,-0.005513,-0.030854
0.601635,-0.725995,-0.333115,-0.026070,-0.006163,-0.031127
0.573112,-0.387770,0.721926,-0.025530,-0.006507,-0.030449
0.140588,-0.794898,0.590230,-0.025380,-0.007216,-0.029890
-0.527476,-0.810505,-0.254659,-0.025832,-0.007939,-0.030092
-0.582558,-0.312035,0.750507,-0.026332,-0.008212,-0.029391
0.521027,-0.438795,-0.732114,-0.025841,-0.008599,-0.030021
0.143597,0.989202,0.029300,-0.025689,-0.007704,-0.029968
0.642806,0.313416,-0.698978,-0.025090,-0.007416,-0.030568
0.589884,0.622621,0.514179,-0.024539,-0.006852,-0.030080
0.932262,-0.283870,-0.224288,-0.023683,-0.007100,-0.030254
-0.894539,0.428635,0.126775,-0.024462,-0.006710,-0.030113
-0.773195,0.208957,0.598755,-0.025130,-0.006518,-0.029552
0.754252,0.552701,-0.354437,-0.024435,-0.006019,-0.029842
-0.600630,-0.605953,-0.521598,-0.024948,-0.006554,-0.030280
-0.463317,-0.443421,-0.767278,-0.025339,-0.006943,-0.030936
-0.897627,-0.425018,0.116730,-0.026115,-0.007314,-0.030805
0.013229,0.988115,-0.153147,-0.026080,-0.006430,-0.030914
0.281794,0.562190,-0.777518,-0.025806,-0.005925,-0.031577
0.038464,0.925856,-0.375913,-0.025749,-0.005098,-0.031882
-0.964834,-0.259741,-0.040366,-0.026582,-0.005324,-0.031890
-0.698179,0.524494,0.487290,-0.027177,-0.004854,-0.031430
-0.893862,0.439777,-0.087212,-0.027944,-0.004461,-0.031479
-0.634161,0.514212,-0.577430,-0.028480,-0.004002,-0.031962
0.729898,0.614133,0.300151,-0.027810,-0.003456,-0.031669
0.588587,-0.433744,-0.682225,-0.027266,-0.003836,-0.032243
-0.046126,-0.659077,0.750659,-0.027282,-0.004414,-0.031552
-0.196954,-0.484724,-0.852204,-0.027432,-0.004837,-0.032275
0.720691,-0.692718,0.027313,-0.026773,-0.005443,-0.032223
0.049745,0.091394,-0.994572,-0.026706,-0.005357,-0.033069
-0.988951,-0.136080,-0.058800,-0.027552,-0.005472,-0.033092
0.515456,-0.008945,-0.856870,-0.027075,-0.005475,-0.033815
-0.732383,-0.501841,-0.460185,-0.027694,-0.005911,-0.034189
-0.645973,0.745661,0.163429,-0.028235,-0.005252,-0.034016
0.151591,-0.951286,-0.268468,-0.028078,-0.006080,-0.034221
0.632412,-0.771824,-0.065895,-0.027500,-0.006750,-0.034249
-0.490055,-0.839265,0.235542,-0.027904,-0.007478,-0.034013
-0.192609,-0.976980,-0.091715,-0.028048,-0.008325,-0.034064
0.939493,0.342481,-0.007754,-0.027204,-0.008019,-0.034041
0.139798,0.620011,0.772038,-0.027058,-0.007471,-0.033338
-0.585802,0.317791,-0.745550,-0.027545,-0.007188,-0.033958
0.853391,-0.339266,0.395755,-0.026778,-0.007477,-0.033584
-0.734858,-0.550758,-0.395790,-0.027394,-0.007949,-0.033899
0.500169,-0.855796,0.132072,-0.026936,-0.008686,-0.033755
-0.611606,-0.691815,0.383837,-0.027443,-0.009279,-0.033393
0.335224,-0.343027,0.877472,-0.027129,-0.009568,-0.032603
0.571690,0.074293,0.817099,-0.026610,-0.009496,-0.031866
0.800046,0.573560,-0.175943,-0.025894,-0.008991,-0.031991
-0.113142,0.666299,0.737051,-0.025970,-0.008407,-0.031326
0.532623,0.752382,-0.387601,-0.025487,-0.007749,-0.031634
0.731176,-0.558136,-0.392258,-0.024833,-0.008224,-0.031945
-0.958413,-0.211515,-0.191587,-0.025639,-0.008400,-0.032083
-0.401231,-0.130789,-0.906591,-0.025963,-0.008505,-0.032837
-0.247951,0.280423,0.927299,-0.026154,-0.008256,-0.032010
0.811597,0.106338,-0.574459,-0.025433,-0.008158,-0.032477
0.133101,-0.182267,0.974199,-0.025297,-0.008308,-0.031611
-0.289712,0.786405,-0.545558,-0.025524,-0.007625,-0.032053
0.751637,-0.523041,-0.401834,-0.024857,-0.008067,-0.032370
0.480774,0.657874,-0.579705,-0.024423,-0.007496,-0.032839
0.358913,-0.741582,-0.566778,-0.024095,-0.008125,-0.033297
0.962935,-0.268858,0.021704,-0.023249,-0.008348,-0.033250
-0.274594,-0.330475,0.902986,-0.023464,-0.008624,-0.032449
0.207372,-0.924724,-0.319192,-0.023267,-0.009407,-0.032694
-0.812131,0.581245,0.050965,-0.023941,-0.008903,-0.032623
0.231050,0.567416,0.790351,-0.023723,-0.008411,-0.031920
-0.538133,-0.578954,-0.612557,-0.024162,-0.008897,-0.032415
-0.905483,-0.402293,0.135131,-0.024913,-0.009232,-0.032273
0.197679,-0.284022,-0.938219,-0.024723,-0.009466,-0.033044
-0.522644,0.839514,-0.148526,-0.025146,-0.008744,-0.033142
0.870435,-0.346991,0.349199,-0.024386,-0.009032,-0.032817
-0.455752,-0.507348,-0.731360,-0.024752,-0.009455,-0.033410
0.589445,-0.553674,0.588217,-0.024231,-0.009916,-0.032883
0.168596,0.606103,0.777312,-0.024067,-0.009394,-0.032196
-0.791251,0.595680,0.138158,-0.024717,-0.008882,-0.032052
-0.785563,0.131638,0.604617,-0.025361,-0.008763,-0.031513
0.278917,0.061978,0.958313,-0.025103,-0.008703,-0.030677
0.242837,0.195206,0.950223,-0.024877,-0.008531,-0.029848
0.053802,-0.267660,-0.962010,-0.024811,-0.008750,-0.030635
0.969966,0.240855,-0.033997,-0.023972,-0.008539,-0.030638
0.217048,-0.684962,-0.695498,-0.023769,-0.009109,-0.031198
0.621267,-0.544723,-0.563298,-0.023226,-0.009560,-0.031646
-0.174345,-0.984391,-0.024032,-0.023353,-0.010380,-0.031639
-0.395654,0.706083,0.587285,-0.023666,-0.009778,-0.031119
0.784733,-0.297861,-0.543574,-0.022987,-0.010020,-0.031549
-0.300873,0.262408,0.916852,-0.023220,-0.009791,-0.030754
0.260271,-0.696534,-0.668655,-0.022983,-0.010367,-0.031288
-0.527560,-0.845427,0.083268,-0.023405,-0.011066,-0.031192
-0.157951,-0.890905,0.425840,-0.023518,-0.011802,-0.030810
-0.971232,0.215481,-0.101374,-0.024310,-0.011612,-0.030869
0.697910,-0.569897,0.433750,-0.023707,-0.012079,-0.030481
-0.131452,0.968777,-0.210218,-0.023797,-0.011260,-0.030631
0.166386,0.623573,-0.763854,-0.023638,-0.010730,-0.031242
-0.042651,0.432103,-0.900815,-0.023654,-0.010361,-0.031967
-0.025235,0.999599,-0.012850,-0.023655,-0.009520,-0.031951
0.094737,0.027360,0.995126,-0.023557,-0.009490,-0.031097
0.385975,-0.653843,-0.650779,-0.023217,-0.010025,-0.031612
0.642282,0.004969,-0.766453,-0.022664,-0.010013,-0.032222
0.359143,-0.873833,0.327768,-0.022347,-0.010730,-0.031923
0.244713,-0.193098,-0.950173,-0.022125,-0.010881,-0.032685
0.345237,-0.924531,-0.161413,-0.021821,-0.011638,-0.032791
0.281226,0.611963,-0.739197,-0.021570,-0.011122,-0.033376
0.302463,-0.906781,0.293708,-0.021302,-0.011863,-0.033106
-0.662477,-0.086813,-0.744034,-0.021832,-0.011925,-0.033693
-0.716968,0.606526,-0.343631,-0.022406,-0.011414,-0.033949
-0.196097,0.955909,0.218598,-0.022549,-0.010616,-0.033741
-0.180172,-0.945132,0.272515,-0.022679,-0.011386,-0.033488
0.249197,0.850459,0.463272,-0.022455,-0.010676,-0.033079
-0.379569,0.527019,0.760380,-0.022749,-0.010234,-0.032426
-0.177079,-0.302895,-0.936428,-0.022876,-0.010474,-0.033169
0.470454,-0.817991,0.331005,-0.022471,-0.011138,-0.032870
-0.344751,0.386818,-0.855289,-0.022736,-0.010811,-0.033545
-0.364696,0.457761,-0.810834,-0.023016,-0.010427,-0.034183
0.497161,0.034626,-0.866967,-0.022590,-0.010390,-0.034866
0.226054,0.615968,0.754641,-0.022386,-0.009877,-0.034219
0.953453,0.190578,0.233681,-0.021587,-0.009713,-0.034000
0.682794,0.620207,0.386180,-0.021012,-0.009198,-0.033656
0.260931,-0.592882,0.761844,-0.020781,-0.009675,-0.033006
0.943223,0.046570,0.328881,-0.019994,-0.009629,-0.032711
0.007447,-0.006760,0.999949,-0.019972,-0.009626,-0.031869
0.971517,0.233891,0.038085,-0.019164,-0.009428,-0.031812
0.008769,-0.843922,0.536394,-0.019141,-0.010107,-0.031349
-0.870944,-0.460707,0.170895,-0.019834,-0.010474,-0.031184
-0.604386,-0.660736,0.445135,-0.020309,-0.011003,-0.030797
0.576454,-0.123578,0.807731,-0.019825,-0.011094,-0.030116
0.087210,0.468967,0.878900,-0.019738,-0.010705,-0.029378
0.608150,-0.780984,-0.142189,-0.019228,-0.011329,-0.029470
-0.966728,0.093511,-0.238103,-0.019996,-0.011244,-0.029639
-0.912683,-0.322482,-0.251029,-0.020719,-0.011496,-0.029818
0.343423,-0.808825,-0.477350,-0.020425,-0.012141,-0.030180
-0.528044,0.731360,0.431605,-0.020835,-0.011540,-0.029807
0.138278,-0.700601,-0.700026,-0.020706,-0.012097,-0.030348
0.357640,-0.460285,0.812546,-0.020401,-0.012459,-0.029668
-0.160454,0.630525,-0.759402,-0.020514,-0.011940,-0.030256
-0.594647,0.260019,-0.760779,-0.020977,-0.011721,-0.030845
-0.182333,0.653919,-0.734265,-0.021106,-0.011185,-0.031411
-0.036168,-0.759433,0.649579,-0.021119,-0.011787,-0.030863
0.732795,0.295632,0.612873,-0.020513,-0.011540,-0.030346
0.591766,0.577209,-0.562711,-0.020021,-0.011067,-0.030774
-0.487187,-0.838115,-0.245381,-0.020396,-0.011731,-0.030946
0.938209,0.326056,-0.115978,-0.019627,-0.011460,-0.031014
-0.169608,-0.909264,-0.380094,-0.019747,-0.012179,-0.031294
0.569962,0.821496,-0.016943,-0.019275,-0.011512,-0.031282
0.005626,0.799353,0.600836,-0.019255,-0.010863,-0.030776
0.872905,-0.055268,0.484749,-0.018542,-0.010899,-0.030364
-0.693873,0.061416,-0.717473,-0.019081,-0.010841,-0.030913
0.714595,-0.382443,-0.585740,-0.018496,-0.011137,-0.031356
0.874419,-0.018854,0.484806,-0.017784,-0.011144,-0.030944
0.058645,0.996108,-0.065806,-0.017723,-0.010341,-0.030972
-0.950419,0.232785,-0.206191,-0.018465,-0.010147,-0.031112
0.417724,0.665031,0.619064,-0.018118,-0.009610,-0.030594
0.252575,-0.909139,-0.331167,-0.017903,-0.010325,-0.030833
-0.382859,0.799570,-0.462717,-0.018193,-0.009682,-0.031176
0.285671,-0.944250,0.163660,-0.017952,-0.010424,-0.031022
-0.299750,-0.735516,0.607590,-0.018175,-0.010999,-0.030515
0.481095,-0.876499,0.017240,-0.017780,-0.011685,-0.030477
0.939767,-0.025968,0.340828,-0.017022,-0.011696,-0.030184
0.022582,-0.933062,-0.359006,-0.016990,-0.012425,-0.030444
-0.399482,0.539560,0.741140,-0.017293,-0.011988,-0.029834
0.828030,-0.434903,0.353873,-0.016625,-0.012323,-0.029531
-0.712329,-0.701834,-0.004137,-0.017174,-0.012867,-0.029511
-0.710394,-0.262131,-0.653168,-0.017721,-0.013063,-0.030002
-0.843003,-0.411249,0.346727,-0.018371,-0.013377,-0.029706
0.722849,0.681486,0.114304,-0.017788,-0.012830,-0.029592
-0.615346,0.310904,0.724353,-0.018258,-0.012575,-0.028999
0.695089,0.715640,-0.068634,-0.017697,-0.012003,-0.029030
-0.496171,0.533470,-0.684999,-0.018073,-0.011574,-0.029545
-0.295894,-0.220181,-0.929498,-0.018291,-0.011738,-0.030252
0.740476,0.499293,-0.449892,-0.017696,-0.011337,-0.030581
0.554234,0.532570,0.639683,-0.017247,-0.010911,-0.030056
-0.735303,0.352250,-0.579008,-0.017810,-0.010627,-0.030486
-0.478426,0.173246,0.860868,-0.018170,-0.010483,-0.029788
-0.827812,0.189971,0.527862,-0.018803,-0.010326,-0.029352
0.481633,-0.876162,-0.019221,-0.018412,-0.011002,-0.029344
0.235657,-0.433977,-0.869557,-0.018214,-0.011333,-0.030000
-0.329998,0.474905,-0.815822,-0.018457,-0.010953,-0.030613
-0.202594,-0.452816,-0.868282,-0.018601,-0.011298,-0.031266
0.348030,0.237525,0.906894,-0.018315,-0.011104,-0.030535
-0.713949,0.175674,0.677801,-0.018856,-0.010959,-0.029984
-0.954711,0.267244,-0.130799,-0.019584,-0.010742,-0.030062
-0.626224,-0.386623,-0.677028,-0.020056,-0.011034,-0.030565
0.728751,0.413092,0.546148,-0.019474,-0.010705,-0.030117
0.390757,0.909551,-0.141513,-0.019156,-0.009991,-0.030204
-0.803512,0.248089,0.541129,-0.019764,-0.009791,-0.029761
-0.905536,0.424267,0.001552,-0.020450,-0.009455,-0.029737
-0.585663,-0.797055,0.147321,-0.020887,-0.010064,-0.029600
0.836618,0.147923,0.527436,-0.020224,-0.009942,-0.029169
-0.467318,0.525473,0.710979,-0.020570,-0.009528,-0.028597
-0.482251,-0.761338,0.433357,-0.020926,-0.010109,-0.028240
0.617264,-0.592339,0.517803,-0.020434,-0.010558,-0.027819
0.237802,0.102170,-0.965925,-0.020235,-0.010471,-0.028542
-0.314152,0.938448,0.143613,-0.020461,-0.009740,-0.028409
0.350254,-0.899672,-0.260599,-0.020176,-0.010425,-0.028588
-0.600198,-0.686679,0.410163,-0.020622,-0.010946,-0.028251
0.090708,-0.104876,0.990340,-0.020536,-0.011018,-0.027468
0.560143,0.815326,-0.146574,-0.020090,-0.010383,-0.027559
-0.907669,0.241257,0.343414,-0.020772,-0.010190,-0.027275
-0.711989,-0.693077,-0.112767,-0.021302,-0.010714,-0.027340
-0.523713,-0.424156,-0.738794,-0.021687,-0.011030,-0.027885
-0.665540,0.685403,-0.295431,-0.022180,-0.010497,-0.028090
0.020853,0.932311,-0.361057,-0.022147,-0.009776,-0.028345
0.455001,-0.647057,0.611793,-0.021782,-0.010263,-0.027855
-0.230206,0.970514,0.071476,-0.021941,-0.009514,-0.027780
0.117522,-0.975481,0.186077,-0.021835,-0.010251,-0.027616
0.042387,0.700012,0.712872,-0.021786,-0.009709,-0.027051
0.056837,-0.478042,-0.876496,-0.021726,-0.010066,-0.027699
-0.953392,-0.287791,0.090662,-0.022435,-0.010278,-0.027609
-0.593040,-0.381391,0.709116,-0.022870,-0.010560,-0.027048
0.663535,-0.674685,0.323298,-0.022348,-0.011065,-0.026782
0.485594,0.630360,0.605677,-0.021962,-0.010578,-0.026301
0.471578,0.878628,-0.075012,-0.021587,-0.009903,-0.026338
-0.599382,-0.730818,-0.326567,-0.022025,-0.010450,-0.026566
-0.484952,0.868770,-0.100304,-0.022376,-0.009783,-0.026622
-0.374189,0.260581,0.889989,-0.022643,-0.009578,-0.025927
-0.936340,0.306321,-0.171567,-0.023335,-0.009339,-0.026038
-0.047098,-0.980928,0.188577,-0.023352,-0.010074,-0.025875
-0.727233,-0.396553,0.560248,-0.023885,-0.010366,-0.025432
0.162577,-0.986210,-0.030974,-0.023744,-0.011103,-0.025436
-0.359598,0.088566,-0.928895,-0.023997,-0.011028,-0.026118
-0.112163,0.214853,-0.970184,-0.024064,-0.010858,-0.026830
0.986335,-0.133908,0.095977,-0.023302,-0.010950,-0.026738
-0.712125,-0.445235,0.542810,-0.023821,-0.011277,-0.026309
-0.633059,-0.670185,-0.387414,-0.024279,-0.011773,-0.026581
-0.924530,0.353717,0.141873,-0.024956,-0.011498,-0.026454
0.920793,0.323578,-0.217800,-0.024246,-0.011247,-0.026598
-0.005424,0.485742,-0.874085,-0.024232,-0.010874,-0.027234
0.218960,-0.184391,-0.958153,-0.024049,-0.011004,-0.027932
0.314269,-0.669945,0.672613,-0.023795,-0.011498,-0.027407
0.654544,-0.755365,0.031541,-0.023287,-0.012055,-0.027363
0.015815,-0.768976,-0.639082,-0.023258,-0.012621,-0.027821
-0.548096,-0.807707,-0.217254,-0.023651,-0.013216,-0.027963
0.808100,0.479830,-0.341669,-0.023029,-0.012848,-0.028197
0.124371,0.781826,0.610967,-0.022919,-0.012254,-0.027720
0.880276,-0.463076,0.103318,-0.022245,-0.012591,-0.027622
0.159750,0.934898,0.316932,-0.022109,-0.011884,-0.027365
0.685120,0.721398,-0.100967,-0.021582,-0.011338,-0.027420
-0.080173,0.776452,-0.625056,-0.021626,-0.010751,-0.027865
0.024413,-0.387531,-0.921534,-0.021592,-0.011031,-0.028530
-0.857491,0.358201,-0.369324,-0.022213,-0.010757,-0.028783
-0.673021,-0.641242,-0.368582,-0.022697,-0.011225,-0.029036
-0.693641,0.708395,0.130532,-0.023195,-0.010691,-0.028917
-0.051289,-0.321489,-0.945523,-0.023216,-0.010922,-0.029597
0.273980,0.959673,0.062947,-0.022995,-0.010202,-0.029528
0.828309,0.334953,0.449121,-0.022365,-0.009946,-0.029174
0.489031,-0.766842,-0.415695,-0.021986,-0.010507,-0.029460
0.693869,0.463952,0.550722,-0.021457,-0.010156,-0.029031
0.970631,0.240103,-0.015047,-0.020723,-0.009971,-0.029021
0.894684,0.130948,0.427075,-0.020047,-0.009867,-0.028684
-0.907616,0.213401,-0.361514,-0.020702,-0.009702,-0.028929
0.073699,0.740087,0.668460,-0.020633,-0.009149,-0.028415
0.140688,-0.874874,-0.463468,-0.020514,-0.009787,-0.028736
0.628890,-0.699986,0.338405,-0.020036,-0.010295,-0.028465
0.605629,0.690520,-0.395468,-0.019575,-0.009780,-0.028735
-0.013402,-0.999405,-0.031777,-0.019571,-0.010507,-0.028738
0.085023,0.365107,-0.927075,-0.019494,-0.010231,-0.029398
0.067663,0.782295,-0.619223,-0.019430,-0.009649,-0.029831
0.207865,-0.946179,-0.248069,-0.019263,-0.010336,-0.029991
-0.458415,0.758685,0.462874,-0.019585,-0.009773,-0.029629
0.400318,0.894178,-0.200476,-0.019277,-0.009110,-0.029755
0.187920,-0.743850,0.641384,-0.019126,-0.009648,-0.029263
-0.405387,0.889218,0.212022,-0.019408,-0.008991,-0.029087
-0.381061,0.834070,-0.398899,-0.019673,-0.008374,-0.029357
-0.217541,0.879101,-0.424095,-0.019817,-0.007726,-0.029645
0.886366,0.314889,-0.339410,-0.019156,-0.007491,-0.029872
0.867526,-0.292167,-0.402538,-0.018509,-0.007698,-0.030143
-0.020864,-0.809602,0.586608,-0.018511,-0.008283,-0.029694
-0.595300,-0.801836,0.051740,-0.018931,-0.008861,-0.029635
-0.929864,-0.219205,-0.295469,-0.019594,-0.009014,-0.029828
-0.786458,-0.121824,0.605510,-0.020151,-0.009096,-0.029366
0.651268,-0.709304,-0.269698,-0.019664,-0.009605,-0.029541
0.441133,-0.006947,-0.897415,-0.019329,-0.009603,-0.030171
-0.434782,-0.805938,-0.401782,-0.019630,-0.010181,-0.030441
0.959437,-0.066813,-0.273890,-0.018920,-0.010222,-0.030617
0.976039,0.181232,0.120431,-0.018199,-0.010083,-0.030508
0.608306,0.706589,0.361520,-0.017746,-0.009564,-0.030224
0.251763,-0.505119,0.825512,-0.017551,-0.009923,-0.029605
-0.212785,-0.975139,-0.061850,-0.017692,-0.010621,-0.029628
-0.682586,-0.730394,-0.024527,-0.018172,-0.011141,-0.029624
-0.908487,-0.109023,-0.403441,-0.018815,-0.011211,-0.029894
-0.694869,-0.507706,-0.509305,-0.019303,-0.011570,-0.030240
-0.490411,0.865196,-0.104555,-0.019643,-0.010937,-0.030294
-0.106297,0.154422,0.982270,-0.019705,-0.010818,-0.029564
0.199790,-0.971605,-0.126755,-0.019547,-0.011510,-0.029634
0.788881,-0.584870,0.188665,-0.018965,-0.011923,-0.029477
-0.022373,0.985991,-0.165292,-0.018968,-0.011205,-0.029575
0.683195,0.355445,-0.637889,-0.018463,-0.010942,-0.030012
0.982271,-0.121352,-0.142892,-0.017745,-0.011021,-0.030093
-0.297975,-0.672003,-0.677954,-0.017946,-0.011495,-0.030557
0.867146,0.167319,0.469108,-0.017312,-0.011367,-0.030199
0.216176,-0.947302,0.236403,-0.017144,-0.012037,-0.030008
0.484107,-0.604334,-0.632788,-0.016786,-0.012461,-0.030440
-0.338437,0.350944,0.873097,-0.017016,-0.012201,-0.029793
0.512990,0.264797,-0.816532,-0.016637,-0.012003,-0.030356
-0.524724,-0.335705,0.782283,-0.017000,-0.012235,-0.029775
-0.003292,0.393588,0.919281,-0.016990,-0.011945,-0.029098
0.190612,-0.825304,0.531545,-0.016842,-0.012525,-0.028698
0.797545,-0.603239,0.005023,-0.016261,-0.012946,-0.028674
0.794084,-0.110802,-0.597623,-0.015684,-0.013016,-0.029079
0.438490,-0.744610,0.503272,-0.015361,-0.013537,-0.028700
0.645151,-0.075607,-0.760305,-0.014891,-0.013581,-0.029221
-0.649915,0.751445,0.113754,-0.015342,-0.013037,-0.029119
-0.437502,0.722795,-0.534938,-0.015642,-0.012514,-0.029478
0.072557,0.981200,0.178835,-0.015580,-0.011809,-0.029330
-0.942950,-0.311935,-0.116370,-0.016237,-0.012022,-0.029392
-0.434221,0.324858,-0.840190,-0.016534,-0.011783,-0.029967
0.618968,-0.362833,0.696585,-0.016084,-0.012032,-0.029452
-0.716542,0.686800,0.121952,-0.016579,-0.011537,-0.029345
0.171344,0.921395,-0.348816,-0.016446,-0.010878,-0.029571
0.169900,0.821282,-0.544637,-0.016315,-0.010289,-0.029935
0.187661,0.827479,-0.529209,-0.016171,-0.009698,-0.030288
0.610135,0.287997,-0.738101,-0.015729,-0.009488,-0.030787
-0.857276,0.412015,-0.308742,-0.016322,-0.009190,-0.030983
-0.472898,0.209380,-0.855878,-0.016644,-0.009036,-0.031564
-0.598388,0.509180,-0.618602,-0.017054,-0.008671,-0.031978
-0.057666,-0.385786,0.920784,-0.017082,-0.008937,-0.031307
0.163129,-0.917859,0.361833,-0.016955,-0.009576,-0.031031
0.640540,0.191488,-0.743667,-0.016493,-0.009435,-0.031532
0.152039,0.690457,0.707215,-0.016375,-0.008943,-0.031013
-0.143771,-0.965275,0.218115,-0.016464,-0.009614,-0.030838
-0.098671,-0.424702,-0.899940,-0.016522,-0.009905,-0.031448
0.079648,-0.093854,-0.992395,-0.016455,-0.009964,-0.032121
-0.075654,-0.398482,-0.914051,-0.016496,-0.010236,-0.032739
-0.770911,-0.195012,0.606355,-0.017024,-0.010366,-0.032291
-0.987328,-0.149597,0.052953,-0.017703,-0.010463,-0.032232
0.484875,0.832977,0.266544,-0.017351,-0.009874,-0.032023
0.720064,-0.663309,-0.203788,-0.016836,-0.010330,-0.032143
0.634205,0.772833,0.022650,-0.016382,-0.009783,-0.032105
-0.496496,0.062325,0.865799,-0.016717,-0.009733,-0.031479
-0.069925,0.529348,-0.845518,-0.016754,-0.009357,-0.032046
0.206813,0.564472,-0.799124,-0.016598,-0.008958,-0.032580
